#PtermenStart,VarCount,MaxPterms,ResPterms,AvgVar/Term,Time
119,7,128,1,0.0,10.450862884521484
7,3,8,1,0.0,0.00018858909606933594
64,7,128,7,1.0,0.39490652084350586
7,6,64,6,5.833333333333333,7.367134094238281e-05
29,5,32,1,0.0,0.026562929153442383
6,3,8,3,1.0,9.250640869140625e-05
165,8,256,8,1.0,74.93871426582336
7,3,8,1,0.0,0.00018215179443359375
31,5,32,1,0.0,0.032431602478027344
10,4,16,2,1.5,0.0003685951232910156
50,7,128,7,1.0,0.10200643539428711
59,6,64,1,0.0,0.46280813217163086
239,8,256,8,1.0,167.42070293426514
235,8,256,1,0.0,182.20903849601746
12,4,16,2,2.0,0.0006339550018310547
7,3,8,3,1.0,0.00014257431030273438
9,5,32,4,4.0,0.0001499652862548828
8,5,32,5,4.0,9.846687316894531e-05
2,3,8,2,3.0,1.0728836059570312e-05
72,7,128,1,0.0,1.1652286052703857
39,6,64,1,0.0,0.05834388732910156
7,4,16,3,2.6666666666666665,0.00010371208190917969
48,6,64,1,0.0,0.16482949256896973
7,5,32,5,4.2,0.00011992454528808594
15,5,32,6,1.3333333333333333,0.0011935234069824219
6,3,8,3,1.0,0.00015687942504882812
51,7,128,8,1.125,0.046082496643066406
37,7,128,13,3.0,0.004459381103515625
140,8,256,1,0.0,34.80513858795166
49,7,128,10,1.8,0.0227508544921875
65,8,256,10,3.0,0.01302480697631836
26,5,32,2,0.5,0.01351475715637207
5,3,8,1,1.0,5.650520324707031e-05
54,6,64,1,0.0,0.3254251480102539
47,8,256,22,6.681818181818182,0.004240512847900391
4,4,16,3,3.6666666666666665,3.62396240234375e-05
47,7,128,6,1.0,0.034147024154663086
6,3,8,3,1.0,0.00010013580322265625
2,4,16,2,4.0,1.2636184692382812e-05
12,4,16,3,1.3333333333333333,0.0005824565887451172
167,8,256,1,0.0,72.99350309371948
57,6,64,1,0.0,0.4031352996826172
8,6,64,5,5.4,0.00014352798461914062
53,7,128,22,2.272727272727273,0.08492350578308105
13,4,16,3,1.0,0.0009620189666748047
50,6,64,1,0.0,0.20846176147460938
5,4,16,4,3.75,4.5299530029296875e-05
232,8,256,1,0.0,175.53767156600952
69,7,128,7,1.0,0.6456549167633057
9,5,32,6,3.6666666666666665,0.0001552104949951172
169,8,256,1,0.0,75.3017168045044
2,5,32,1,4.0,3.0994415283203125e-05
7,3,8,3,1.0,0.00013780593872070312
22,5,32,6,1.1666666666666667,0.005370140075683594
4,4,16,4,4.0,1.6927719116210938e-05
1,3,8,1,3.0,8.344650268554688e-06
13,4,16,4,1.0,0.000873565673828125
9,4,16,4,2.75,0.0001404285430908203
185,8,256,1,0.0,107.01658844947815
4,3,8,2,1.5,5.650520324707031e-05
2,6,64,2,6.0,1.2159347534179688e-05
28,5,32,4,1.0,0.015558242797851562
4,3,8,3,2.3333333333333335,3.552436828613281e-05
27,6,64,3,0.6666666666666666,0.008673429489135742
4,8,256,3,7.666666666666667,4.3392181396484375e-05
7,5,32,4,3.75,8.678436279296875e-05
116,7,128,7,1.0,7.625132083892822
14,4,16,1,0.0,0.001600027084350586
10,4,16,2,1.5,0.00031828880310058594
3,4,16,2,3.5,2.288818359375e-05
30,5,32,2,0.5,0.023287296295166016
3,3,8,2,2.0,2.6702880859375e-05
16,7,128,13,6.6923076923076925,0.00019121170043945312
30,5,32,5,1.0,0.022879362106323242
156,8,256,1,0.0,55.297662019729614
8,3,8,1,0.0,0.0002675056457519531
5,5,32,4,4.5,9.822845458984375e-05
28,5,32,1,0.0,0.016624927520751953
201,8,256,1,0.0,133.38295936584473
4,5,32,4,5.0,3.361701965332031e-05
7,3,8,3,1.0,0.0001392364501953125
1,4,16,1,4.0,9.298324584960938e-06
1,3,8,1,3.0,7.62939453125e-06
20,7,128,13,6.461538461538462,0.0004019737243652344
118,8,256,18,1.5555555555555556,12.088892221450806
2,3,8,2,3.0,2.3126602172851562e-05
240,8,256,1,0.0,188.41168999671936
53,7,128,8,1.75,0.08117246627807617
4,4,16,3,3.3333333333333335,4.1484832763671875e-05
3,3,8,2,2.5,2.4318695068359375e-05
108,7,128,1,0.0,6.8095386028289795
16,4,16,1,0.0,0.002560853958129883
8,7,128,7,6.857142857142857,6.890296936035156e-05
32,5,32,1,0.0,0.03568434715270996
98,8,256,9,1.6666666666666667,3.6967506408691406
165,8,256,1,0.0,69.57477188110352
17,8,256,16,7.9375,0.0002315044403076172
29,7,128,7,1.8571428571428572,0.0022652149200439453
8,4,16,3,2.0,0.00012135505676269531
9,5,32,5,4.2,0.00010800361633300781
7,3,8,3,1.0,0.0001392364501953125
6,3,8,2,1.5,7.748603820800781e-05
10,4,16,4,1.75,0.0002796649932861328
29,5,32,5,1.0,0.018022537231445312
203,8,256,1,0.0,129.82785391807556
6,3,8,3,1.0,0.0001666545867919922
15,5,32,3,2.0,0.0005631446838378906
8,4,16,4,2.0,0.00015163421630859375
6,7,128,6,7.0,3.0994415283203125e-05
34,7,128,7,3.0,0.0021970272064208984
5,4,16,4,3.5,4.3392181396484375e-05
19,5,32,5,1.6,0.001865386962890625
2,6,64,2,6.0,1.5020370483398438e-05
90,7,128,1,0.0,3.565772533416748
30,6,64,11,1.5454545454545454,0.004601478576660156
106,7,128,1,0.0,5.823132276535034
4,6,64,3,5.333333333333333,4.935264587402344e-05
63,6,64,1,0.0,0.5767688751220703
3,3,8,2,2.0,4.8160552978515625e-05
1,4,16,1,4.0,1.049041748046875e-05
94,7,128,1,0.0,4.045119524002075
59,6,64,1,0.0,0.43404483795166016
9,5,32,7,4.428571428571429,9.226799011230469e-05
82,8,256,22,1.9090909090909092,0.7583479881286621
51,7,128,1,0.0,0.15068650245666504
7,3,8,3,1.0,0.00014495849609375
13,4,16,4,1.0,0.0008671283721923828
8,3,8,1,0.0,0.00025343894958496094
20,6,64,7,3.7142857142857144,0.0011696815490722656
4,4,16,4,4.0,1.5974044799804688e-05
35,7,128,10,4.3,0.0033197402954101562
32,6,64,6,1.0,0.02065443992614746
24,5,32,2,0.5,0.008213281631469727
53,6,64,1,0.0,0.30996274948120117
14,6,64,8,4.875,0.00039649009704589844
59,8,256,21,3.0952380952380953,0.011980056762695312
244,8,256,1,0.0,195.79365372657776
76,8,256,21,1.9523809523809523,0.21145367622375488
14,4,16,1,0.0,0.0015981197357177734
7,3,8,3,1.0,0.00013971328735351562
47,6,64,1,0.0,0.1866774559020996
2,3,8,2,3.0,2.1457672119140625e-05
16,4,16,1,0.0,0.0026144981384277344
8,4,16,2,2.0,0.0001323223114013672
8,3,8,1,0.0,0.00025653839111328125
15,5,32,3,3.0,0.0004487037658691406
14,4,16,1,1.0,0.0009281635284423828
6,3,8,4,1.25,8.20159912109375e-05
4,3,8,2,2.0,2.7418136596679688e-05
58,6,64,1,0.0,0.4168739318847656
2,4,16,1,3.0,3.075599670410156e-05
6,6,64,5,5.6,5.602836608886719e-05
25,6,64,10,1.5,0.005314826965332031
76,8,256,10,2.3,0.3506584167480469
9,4,16,3,2.0,0.00017309188842773438
6,4,16,4,3.5,4.2438507080078125e-05
1,3,8,1,3.0,8.821487426757812e-06
18,5,32,5,1.6,0.0018055438995361328
29,5,32,2,0.5,0.02129983901977539
9,5,32,5,4.2,0.0001289844512939453
14,4,16,4,1.0,0.0016186237335205078
78,8,256,9,1.7777777777777777,0.3846867084503174
1,3,8,1,3.0,2.0742416381835938e-05
4,5,32,2,4.0,3.337860107421875e-05
4,4,16,3,3.6666666666666665,3.075599670410156e-05
6,4,16,4,2.25,9.012222290039062e-05
6,4,16,4,3.0,6.151199340820312e-05
51,6,64,1,0.0,0.22858095169067383
10,5,32,6,3.8333333333333335,0.0002579689025878906
81,8,256,20,2.8,0.1658468246459961
9,4,16,6,2.3333333333333335,0.00022292137145996094
8,3,8,1,0.0,0.0002567768096923828
4,3,8,3,2.0,3.170967102050781e-05
11,4,16,3,1.3333333333333333,0.0004181861877441406
13,8,256,12,7.916666666666667,0.0001475811004638672
57,6,64,1,0.0,0.43837523460388184
17,5,32,7,2.0,0.0010955333709716797
15,4,16,4,1.0,0.0016679763793945312
32,6,64,6,1.1666666666666667,0.010242700576782227
13,4,16,3,1.0,0.0009369850158691406
18,6,64,9,4.777777777777778,0.0004980564117431641
59,6,64,1,0.0,0.41482996940612793
4,3,8,3,2.3333333333333335,4.100799560546875e-05
5,3,8,4,2.25,4.2438507080078125e-05
7,3,8,3,1.0,0.00013828277587890625
31,6,64,3,1.3333333333333333,0.00541234016418457
3,4,16,2,3.5,2.3126602172851562e-05
19,5,32,4,2.25,0.0014197826385498047
12,4,16,3,1.0,0.0006439685821533203
4,6,64,4,6.0,2.1219253540039062e-05
78,8,256,1,0.0,0.3225529193878174
51,6,64,1,0.0,0.21367621421813965
9,5,32,3,4.0,0.0002732276916503906
6,4,16,4,2.25,0.0001671314239501953
7,3,8,1,0.0,0.0003249645233154297
6,4,16,3,2.0,0.00014257431030273438
39,6,64,6,1.0,0.043283700942993164
1,3,8,1,3.0,1.9550323486328125e-05
4,3,8,2,1.5,4.363059997558594e-05
12,4,16,2,1.0,0.0006930828094482422
11,8,256,11,8.0,7.05718994140625e-05
119,7,128,1,0.0,9.186079263687134
5,3,8,1,1.0,7.796287536621094e-05
28,5,32,1,0.0,0.022336959838867188
7,3,8,3,1.0,0.00014257431030273438
7,3,8,1,0.0,0.0001652240753173828
69,8,256,16,1.5,0.11873555183410645
31,7,128,13,5.153846153846154,0.0018525123596191406
1,4,16,1,4.0,1.1444091796875e-05
5,8,256,5,8.0,2.288818359375e-05
13,5,32,6,2.8333333333333335,0.0003795623779296875
6,3,8,3,1.0,8.130073547363281e-05
2,5,32,2,5.0,1.1205673217773438e-05
30,5,32,2,0.5,0.023526430130004883
51,8,256,26,6.923076923076923,0.003345966339111328
13,4,16,4,1.0,0.0008780956268310547
1,4,16,1,4.0,9.5367431640625e-06
52,8,256,13,5.6923076923076925,0.004803180694580078
48,6,64,6,1.0,0.18662309646606445
89,8,256,5,0.8,1.858588457107544
90,7,128,1,0.0,3.139575719833374
52,7,128,23,2.782608695652174,0.05282473564147949
4,3,8,3,2.0,4.220008850097656e-05
2,4,16,1,3.0,1.9073486328125e-05
44,6,64,6,1.0,0.09164619445800781
158,8,256,1,0.0,56.021841049194336
8,3,8,1,0.0,0.00026798248291015625
15,4,16,4,1.0,0.0016336441040039062
76,7,128,1,0.0,1.2626378536224365
39,6,64,6,1.0,0.03151106834411621
111,7,128,1,0.0,7.002994775772095
12,4,16,1,0.0,0.0007903575897216797
79,7,128,1,0.0,1.617424726486206
110,8,256,1,0.0,7.089022159576416
29,7,128,14,5.428571428571429,0.0017857551574707031
98,7,128,1,0.0,4.135573863983154
12,4,16,3,2.0,0.0004515647888183594
7,3,8,1,0.0,0.00016832351684570312
233,8,256,8,1.0,163.0260853767395
31,7,128,8,2.25,0.0020744800567626953
10,4,16,4,1.75,0.00021028518676757812
2,4,16,2,4.0,1.0967254638671875e-05
8,3,8,1,0.0,0.00025010108947753906
106,8,256,1,0.0,7.976076602935791
2,3,8,1,2.0,2.8848648071289062e-05
17,8,256,14,7.642857142857143,0.0002760887145996094
4,5,32,3,4.333333333333333,3.6716461181640625e-05
19,5,32,5,1.4,0.002012968063354492
91,7,128,7,1.0,3.2915027141571045
51,6,64,1,0.0,0.23000836372375488
161,8,256,1,0.0,65.98141694068909
1,4,16,1,4.0,1.9788742065429688e-05
27,5,32,1,0.0,0.019579648971557617
14,6,64,10,5.2,0.00022864341735839844
167,8,256,1,0.0,70.49024939537048
111,8,256,17,1.5294117647058822,8.878355503082275
6,3,8,3,1.0,0.00011396408081054688
2,4,16,2,4.0,1.33514404296875e-05
7,3,8,1,0.0,0.00016427040100097656
45,8,256,15,4.733333333333333,0.005696773529052734
4,3,8,2,1.5,5.1021575927734375e-05
109,7,128,1,0.0,6.892627239227295
210,8,256,8,1.0,136.09281516075134
223,8,256,1,0.0,167.91308569908142
13,4,16,3,1.3333333333333333,0.0008082389831542969
18,6,64,6,3.8333333333333335,0.0007383823394775391
173,8,256,1,0.0,83.0133752822876
57,6,64,6,1.0,0.32329630851745605
23,5,32,3,0.6666666666666666,0.006734609603881836
6,3,8,3,1.0,0.00010371208190917969
68,8,256,26,2.3846153846153846,0.0569002628326416
12,4,16,3,1.3333333333333333,0.0005781650543212891
16,4,16,1,0.0,0.002544403076171875
205,8,256,1,0.0,149.43074345588684
4,7,128,4,7.0,3.457069396972656e-05
21,5,32,7,1.7142857142857142,0.004084110260009766
36,6,64,1,0.0,0.028106212615966797
15,4,16,4,1.0,0.001756906509399414
13,4,16,4,1.0,0.0009512901306152344
11,5,32,7,4.0,0.00018262863159179688
94,7,128,1,0.0,4.952174186706543
1,4,16,1,4.0,2.3126602172851562e-05
4,4,16,3,3.6666666666666665,3.337860107421875e-05
58,6,64,1,0.0,0.5033447742462158
18,5,32,6,1.0,0.0015444755554199219
221,8,256,1,0.0,165.2900516986847
22,6,64,7,4.0,0.0008997917175292969
58,6,64,1,0.0,0.44813108444213867
8,3,8,1,0.0,0.0002703666687011719
100,7,128,1,0.0,4.889969110488892
107,7,128,1,0.0,6.12612247467041
15,4,16,4,1.0,0.0015931129455566406
27,7,128,15,6.066666666666666,0.0012660026550292969
4,3,8,3,2.0,3.886222839355469e-05
127,8,256,1,0.0,20.177189588546753
7,4,16,3,2.6666666666666665,9.822845458984375e-05
2,5,32,2,5.0,1.33514404296875e-05
108,8,256,21,2.857142857142857,6.2377989292144775
16,4,16,1,0.0,0.0025708675384521484
23,6,64,4,1.75,0.0020673274993896484
32,5,32,1,0.0,0.0355072021484375
3,4,16,3,4.0,2.956390380859375e-05
12,6,64,8,5.25,0.00018930435180664062
31,5,32,1,0.0,0.03231382369995117
9,4,16,3,1.3333333333333333,0.00024008750915527344
95,7,128,7,1.0,3.2491042613983154
1,6,64,1,6.0,2.09808349609375e-05
17,6,64,10,5.1,0.0003581047058105469
3,3,8,3,3.0,1.2636184692382812e-05
6,4,16,4,3.0,6.937980651855469e-05
1,8,256,1,8.0,9.059906005859375e-06
98,8,256,16,1.5,2.4038469791412354
10,7,128,8,6.625,0.00011277198791503906
52,6,64,1,0.0,0.2507057189941406
2,5,32,2,5.0,2.5033950805664062e-05
1,5,32,1,5.0,9.5367431640625e-06
63,6,64,1,0.0,0.5684454441070557
27,5,32,1,0.0,0.01604008674621582
28,5,32,1,0.0,0.02180314064025879
11,4,16,3,1.0,0.00048160552978515625
7,7,128,7,7.0,3.266334533691406e-05
250,8,256,1,0.0,201.84786009788513
6,4,16,3,3.3333333333333335,9.250640869140625e-05
6,5,32,5,4.8,3.695487976074219e-05
2,3,8,2,3.0,1.0728836059570312e-05
37,6,64,3,0.6666666666666666,0.031281232833862305
126,8,256,6,0.8333333333333334,20.305565118789673
14,7,128,9,6.111111111111111,0.00029540061950683594
22,5,32,11,2.272727272727273,0.004372119903564453
3,3,8,2,2.0,4.410743713378906e-05
233,8,256,1,0.0,181.82555150985718
11,6,64,10,5.6,0.0001595020294189453
8,3,8,1,0.0,0.00025725364685058594
108,7,128,1,0.0,6.1843883991241455
10,4,16,6,2.0,0.0003273487091064453
67,7,128,7,1.0,0.47373056411743164
61,6,64,1,0.0,0.490278959274292
13,4,16,4,1.0,0.000904083251953125
126,7,128,1,0.0,10.246610403060913
12,5,32,7,3.2857142857142856,0.00025153160095214844
14,7,128,10,6.4,0.00025773048400878906
224,8,256,1,0.0,163.3885200023651
79,7,128,7,1.0,1.948227882385254
15,4,16,1,0.0,0.0021674633026123047
1,3,8,1,3.0,1.0728836059570312e-05
62,6,64,1,0.0,0.5307562351226807
10,4,16,4,2.0,0.0002067089080810547
41,8,256,21,6.714285714285714,0.0031719207763671875
113,7,128,1,0.0,7.2110185623168945
4,3,8,3,2.3333333333333335,4.076957702636719e-05
23,5,32,6,1.1666666666666667,0.004315376281738281
74,8,256,8,1.0,0.12889599800109863
5,4,16,3,3.0,4.76837158203125e-05
5,3,8,3,1.0,6.699562072753906e-05
14,6,64,9,5.333333333333333,0.0001304149627685547
8,3,8,1,0.0,0.00025272369384765625
42,6,64,1,0.0,0.08519291877746582
31,5,32,2,0.5,0.03201150894165039
48,6,64,1,0.0,0.16752314567565918
12,5,32,9,4.111111111111111,0.00015234947204589844
42,6,64,1,0.0,0.07448410987854004
11,6,64,7,4.857142857142857,0.00023317337036132812
74,7,128,7,1.0,1.0055878162384033
109,8,256,8,1.0,8.72539758682251
110,8,256,18,1.5555555555555556,8.044649124145508
7,3,8,1,0.0,0.0001800060272216797
16,4,16,1,0.0,0.002550363540649414
4,3,8,3,2.0,3.409385681152344e-05
78,7,128,1,0.0,1.7628211975097656
5,3,8,3,1.6666666666666667,6.67572021484375e-05
13,6,64,9,5.333333333333333,0.00019788742065429688
160,8,256,1,0.0,60.10454273223877
7,5,32,5,4.2,9.608268737792969e-05
217,8,256,8,1.0,145.98497080802917
7,3,8,3,1.0,0.0001583099365234375
8,3,8,1,0.0,0.0002722740173339844
45,6,64,1,0.0,0.08443260192871094
15,4,16,1,0.0,0.002039670944213867
6,4,16,4,2.75,7.033348083496094e-05
18,6,64,7,3.7142857142857144,0.0005769729614257812
6,3,8,3,1.0,9.679794311523438e-05
15,7,128,12,6.75,0.00017786026000976562
84,7,128,7,1.0,1.96539306640625
4,4,16,3,3.6666666666666665,3.719329833984375e-05
7,3,8,1,0.0,0.00016736984252929688
188,8,256,8,1.0,104.77575707435608
65,7,128,1,0.0,0.539186954498291
1,3,8,1,3.0,1.8835067749023438e-05
2,3,8,2,3.0,1.0967254638671875e-05
18,5,32,5,1.6,0.0010573863983154297
6,3,8,2,1.0,9.942054748535156e-05
88,7,128,7,1.0,2.407047748565674
7,4,16,3,2.6666666666666665,0.00011777877807617188
3,3,8,2,2.0,2.6941299438476562e-05
2,3,8,2,3.0,1.049041748046875e-05
105,7,128,1,0.0,5.997798442840576
84,7,128,1,0.0,2.499229907989502
9,7,128,8,6.75,9.72747802734375e-05
99,7,128,1,0.0,5.056003570556641
4,4,16,3,3.6666666666666665,4.363059997558594e-05
13,4,16,1,0.0,0.0012378692626953125
52,6,64,6,1.0,0.24574947357177734
52,6,64,1,0.0,0.2683432102203369
2,3,8,1,2.0,2.9802322387695312e-05
54,7,128,1,0.0,0.10224103927612305
16,4,16,1,0.0,0.0025453567504882812
37,6,64,5,1.0,0.022237062454223633
61,6,64,1,0.0,0.4527242183685303
63,6,64,1,0.0,0.570490837097168
2,5,32,2,5.0,2.5033950805664062e-05
41,7,128,12,1.75,0.0046350955963134766
236,8,256,1,0.0,182.59441375732422
2,6,64,2,6.0,2.4080276489257812e-05
3,6,64,2,5.5,2.574920654296875e-05
7,3,8,3,1.0,0.0001399517059326172
108,7,128,1,0.0,6.558836936950684
8,4,16,4,2.0,0.00013780593872070312
112,7,128,1,0.0,7.355935335159302
114,7,128,1,0.0,8.11864686012268
1,3,8,1,3.0,1.9788742065429688e-05
98,7,128,1,0.0,4.260881185531616
147,8,256,8,1.0,39.596240758895874
2,3,8,2,3.0,2.4318695068359375e-05
112,7,128,1,0.0,6.81933069229126
8,3,8,1,0.0,0.0002701282501220703
65,7,128,7,1.0,0.4711623191833496
68,8,256,15,3.4,0.03297305107116699
4,3,8,3,2.0,4.458427429199219e-05
102,7,128,1,0.0,5.181541442871094
58,6,64,6,1.0,0.3691115379333496
43,7,128,12,3.25,0.008113384246826172
37,6,64,2,0.5,0.04462075233459473
52,6,64,1,0.0,0.24657011032104492
74,8,256,12,2.6666666666666665,0.0971076488494873
40,6,64,1,0.0,0.05410456657409668
195,8,256,1,0.0,114.45292353630066
39,8,256,21,6.666666666666667,0.002997159957885742
17,6,64,8,4.125,0.0005817413330078125
3,4,16,2,3.5,2.6941299438476562e-05
28,5,32,1,0.0,0.021595239639282227
86,7,128,1,0.0,2.7513179779052734
8,3,8,1,0.0,0.0002646446228027344
6,3,8,3,1.0,9.560585021972656e-05
5,3,8,1,1.0,5.936622619628906e-05
32,6,64,7,2.2857142857142856,0.013978958129882812
8,6,64,6,5.666666666666667,5.984306335449219e-05
15,4,16,4,1.0,0.0015943050384521484
4,3,8,3,2.0,3.170967102050781e-05
11,4,16,4,1.0,0.0004432201385498047
13,4,16,3,1.0,0.0009219646453857422
21,5,32,5,1.0,0.003103494644165039
16,5,32,10,1.9,0.0009908676147460938
24,5,32,2,0.5,0.008006811141967773
15,5,32,6,2.0,0.0005996227264404297
81,7,128,1,0.0,1.7085490226745605
4,5,32,3,4.666666666666667,4.2438507080078125e-05
12,5,32,6,3.3333333333333335,0.00022125244140625
32,5,32,1,0.0,0.0353853702545166
7,6,64,5,5.6,6.175041198730469e-05
45,6,64,6,1.0,0.0870509147644043
171,8,256,8,1.0,73.9145565032959
249,8,256,1,0.0,202.22741079330444
8,3,8,1,0.0,0.0002665519714355469
148,8,256,8,1.0,45.09723210334778
3,3,8,3,3.0,2.5272369384765625e-05
15,4,16,4,1.0,0.001584768295288086
10,4,16,5,2.0,0.0002124309539794922
26,5,32,1,0.0,0.014473438262939453
21,6,64,10,3.5,0.0010530948638916016
30,5,32,5,1.0,0.022228717803955078
89,7,128,1,0.0,3.088183641433716
51,8,256,23,5.565217391304348,0.0053424835205078125
18,8,256,14,7.5,0.00032067298889160156
32,6,64,2,0.5,0.009375572204589844
6,4,16,4,3.0,5.435943603515625e-05
50,7,128,7,1.0,0.0843040943145752
8,3,8,1,0.0,0.0002582073211669922
10,4,16,4,1.5,0.00029659271240234375
78,7,128,1,0.0,1.5990283489227295
3,6,64,3,6.0,2.5033950805664062e-05
43,6,64,1,0.0,0.07977461814880371
2,3,8,1,2.0,2.5033950805664062e-05
31,5,32,1,0.0,0.031392812728881836
4,8,256,3,7.666666666666667,4.0531158447265625e-05
1,3,8,1,3.0,8.58306884765625e-06
29,5,32,1,0.0,0.023696184158325195
6,4,16,4,3.25,7.367134094238281e-05
28,6,64,5,2.4,0.00497889518737793
8,3,8,1,0.0,0.00026226043701171875
6,3,8,3,1.0,0.00010013580322265625
24,5,32,2,0.5,0.010057926177978516
4,5,32,4,5.0,1.811981201171875e-05
46,8,256,18,6.277777777777778,0.003443002700805664
13,5,32,6,3.0,0.00024080276489257812
3,5,32,2,4.5,2.5272369384765625e-05
32,5,32,1,0.0,0.03551506996154785
1,3,8,1,3.0,1.1682510375976562e-05
1,4,16,1,4.0,8.106231689453125e-06
51,6,64,1,0.0,0.23533964157104492
21,6,64,6,3.5,0.0009183883666992188
5,4,16,3,3.0,4.291534423828125e-05
3,5,32,3,5.0,1.6450881958007812e-05
6,3,8,3,1.0,7.915496826171875e-05
2,3,8,2,3.0,1.0013580322265625e-05
75,7,128,1,0.0,1.17083740234375
216,8,256,8,1.0,138.82024765014648
95,8,256,8,1.0,2.643616199493408
53,6,64,1,0.0,0.3423347473144531
5,4,16,4,3.25,5.626678466796875e-05
51,8,256,27,6.888888888888889,0.00504302978515625
225,8,256,1,0.0,167.9040927886963
11,4,16,1,1.0,0.0004189014434814453
40,8,256,12,3.3333333333333335,0.002667665481567383
8,5,32,6,4.5,7.534027099609375e-05
10,5,32,7,4.285714285714286,0.0001552104949951172
7,3,8,3,1.0,0.00013780593872070312
22,5,32,5,1.0,0.004484891891479492
11,6,64,7,5.285714285714286,0.000148773193359375
3,3,8,2,2.5,2.384185791015625e-05
22,5,32,6,1.1666666666666667,0.003841400146484375
3,4,16,3,4.0,1.5497207641601562e-05
115,8,256,8,1.0,13.183738708496094
8,3,8,1,0.0,0.00026869773864746094
91,8,256,8,1.0,2.3632569313049316
178,8,256,1,0.0,88.86033511161804
191,8,256,1,0.0,112.18809604644775
69,7,128,1,0.0,0.9120502471923828
14,4,16,4,1.0,0.0012900829315185547
13,4,16,4,1.0,0.0009212493896484375
100,7,128,1,0.0,4.3744165897369385
113,8,256,28,2.0,4.263348579406738
5,3,8,4,2.25,5.793571472167969e-05
9,4,16,2,1.5,0.00016736984252929688
61,6,64,6,1.0,0.42677927017211914
11,8,256,9,7.777777777777778,0.00011467933654785156
3,4,16,2,3.0,2.6941299438476562e-05
82,8,256,3,4.333333333333333,0.5942213535308838
2,3,8,2,3.0,2.3126602172851562e-05
143,8,256,8,1.0,37.361072063446045
5,4,16,4,3.0,5.602836608886719e-05
20,5,32,7,1.7142857142857142,0.0030295848846435547
1,4,16,1,4.0,1.2874603271484375e-05
29,5,32,1,0.0,0.02363753318786621
2,4,16,2,4.0,1.3589859008789062e-05
12,4,16,3,1.3333333333333333,0.00048542022705078125
156,8,256,8,1.0,47.69143009185791
4,3,8,3,2.0,4.410743713378906e-05
27,6,64,8,2.5,0.002977609634399414
31,6,64,6,1.0,0.017168283462524414
15,4,16,1,0.0,0.002017974853515625
210,8,256,1,0.0,142.79371523857117
61,6,64,1,0.0,0.5239055156707764
8,7,128,8,7.0,4.935264587402344e-05
135,8,256,1,0.0,27.687409162521362
72,7,128,1,0.0,0.8958907127380371
194,8,256,8,1.0,108.12640357017517
37,8,256,27,7.148148148148148,0.0018532276153564453
4,4,16,2,2.5,5.0067901611328125e-05
7,4,16,3,3.0,9.5367431640625e-05
4,3,8,2,2.0,2.7418136596679688e-05
1,4,16,1,4.0,7.867813110351562e-06
93,7,128,1,0.0,3.567040205001831
29,5,32,1,0.0,0.025437355041503906
13,4,16,3,1.3333333333333333,0.0007252693176269531
5,3,8,3,1.6666666666666667,5.125999450683594e-05
42,6,64,6,1.0,0.0434417724609375
4,4,16,3,3.3333333333333335,3.6716461181640625e-05
24,6,64,8,2.75,0.0020291805267333984
121,7,128,1,0.0,9.12833309173584
12,4,16,1,1.0,0.0005671977996826172
38,8,256,19,6.842105263157895,0.0027136802673339844
4,4,16,3,3.3333333333333335,3.933906555175781e-05
6,4,16,4,3.0,5.340576171875e-05
185,8,256,1,0.0,99.97562766075134
86,8,256,1,0.0,0.7023007869720459
10,6,64,5,5.2,0.00014519691467285156
36,6,64,6,1.0,0.023881196975708008
58,7,128,7,1.0,0.2578303813934326
98,7,128,1,0.0,5.028480291366577
8,5,32,6,4.333333333333333,8.106231689453125e-05
6,3,8,3,1.0,8.368492126464844e-05
12,4,16,4,1.0,0.0007903575897216797
6,5,32,4,4.5,4.363059997558594e-05
15,5,32,7,1.8571428571428572,0.0007834434509277344
68,8,256,15,3.1333333333333333,0.06940269470214844
23,5,32,3,0.6666666666666666,0.005715608596801758
8,5,32,5,4.2,6.67572021484375e-05
19,7,128,16,6.6875,0.000247955322265625
10,7,128,6,6.0,0.00011539459228515625
2,4,16,1,3.0,1.7881393432617188e-05
14,6,64,12,5.583333333333333,0.0001475811004638672
8,4,16,6,2.8333333333333335,0.00011372566223144531
26,5,32,5,1.0,0.008380889892578125
1,3,8,1,3.0,1.1205673217773438e-05
16,5,32,7,2.5714285714285716,0.0006031990051269531
6,3,8,1,1.0,7.510185241699219e-05
124,8,256,1,0.0,19.674480199813843
26,5,32,5,1.0,0.014563322067260742
40,7,128,10,2.2,0.005024433135986328
39,8,256,21,6.523809523809524,0.0029151439666748047
46,7,128,14,2.2857142857142856,0.018749237060546875
22,5,32,2,0.5,0.004615068435668945
123,8,256,8,1.0,20.118280172348022
10,8,256,8,7.5,0.00018453598022460938
87,7,128,7,1.0,2.7693030834198
30,5,32,1,0.0,0.029605388641357422
25,5,32,5,1.0,0.008828878402709961
85,7,128,1,0.0,2.724700927734375
41,6,64,1,0.0,0.08490490913391113
6,3,8,3,1.0,0.0001010894775390625
211,8,256,1,0.0,140.96232557296753
5,3,8,2,1.0,7.748603820800781e-05
13,4,16,4,1.0,0.0008847713470458984
5,3,8,1,1.0,6.437301635742188e-05
20,5,32,4,1.0,0.0033407211303710938
63,6,64,1,0.0,0.5666642189025879
5,5,32,4,4.5,5.1975250244140625e-05
4,3,8,3,2.3333333333333335,3.24249267578125e-05
76,7,128,7,1.0,1.3691675662994385
18,5,32,7,2.0,0.0014388561248779297
3,5,32,3,5.0,1.4781951904296875e-05
23,6,64,7,3.0,0.0012390613555908203
7,3,8,1,0.0,0.00016498565673828125
29,5,32,1,0.0,0.024955272674560547
6,4,16,4,3.0,5.1021575927734375e-05
163,8,256,8,1.0,61.98477840423584
63,6,64,1,0.0,0.5485355854034424
8,3,8,1,0.0,0.0002677440643310547
60,7,128,1,0.0,0.31558680534362793
10,5,32,6,3.6666666666666665,0.00018548965454101562
129,8,256,8,1.0,24.716609239578247
2,3,8,1,2.0,3.123283386230469e-05
17,8,256,10,7.4,0.0005795955657958984
231,8,256,1,0.0,174.10085201263428
13,6,64,8,5.5,0.0003859996795654297
29,6,64,3,1.0,0.005632162094116211
32,6,64,2,0.5,0.01086568832397461
3,3,8,2,2.5,2.4080276489257812e-05
46,7,128,4,1.0,0.030683040618896484
12,5,32,5,3.0,0.0002739429473876953
166,8,256,8,1.0,60.89749503135681
2,5,32,2,5.0,2.4080276489257812e-05
40,7,128,13,3.0,0.005732297897338867
179,8,256,1,0.0,91.25213241577148
13,4,16,7,2.0,0.0005497932434082031
10,5,32,2,2.5,0.00017595291137695312
4,5,32,4,5.0,1.9550323486328125e-05
124,8,256,8,1.0,15.87646770477295
5,3,8,3,1.6666666666666667,6.937980651855469e-05
8,4,16,5,3.0,0.00013375282287597656
8,4,16,3,2.0,0.00013685226440429688
46,6,64,1,0.0,0.13111400604248047
37,6,64,1,0.0,0.03690481185913086
34,6,64,7,1.7142857142857142,0.018414020538330078
5,3,8,1,1.0,6.651878356933594e-05
6,3,8,3,1.0,9.751319885253906e-05
31,7,128,21,6.0,0.0012080669403076172
19,6,64,6,3.1666666666666665,0.0007681846618652344
30,5,32,2,0.5,0.027124404907226562
12,4,16,3,1.3333333333333333,0.0007004737854003906
67,7,128,1,0.0,0.6545042991638184
11,5,32,7,3.7142857142857144,0.00020432472229003906
15,4,16,4,1.0,0.0015816688537597656
3,6,64,3,6.0,1.7404556274414062e-05
102,7,128,7,1.0,5.099843978881836
5,3,8,4,2.0,5.3882598876953125e-05
37,7,128,10,4.2,0.003713369369506836
119,7,128,1,0.0,9.141779899597168
12,6,64,8,5.375,0.00013518333435058594
7,3,8,1,0.0,0.00017023086547851562
77,7,128,7,1.0,1.5189158916473389
8,3,8,1,0.0,0.0002751350402832031
33,7,128,11,3.4545454545454546,0.004686832427978516
109,8,256,8,1.0,7.687752962112427
4,3,8,3,2.0,4.506111145019531e-05
110,7,128,1,0.0,6.545188665390015
53,6,64,6,1.0,0.23010849952697754
10,4,16,1,1.0,0.00028061866760253906
51,6,64,1,0.0,0.2229912281036377
1,3,8,1,3.0,1.9550323486328125e-05
134,8,256,1,0.0,30.713667154312134
7,3,8,3,1.0,0.00015282630920410156
63,6,64,1,0.0,0.5633718967437744
8,7,128,7,6.857142857142857,8.344650268554688e-05
21,5,32,5,1.0,0.003577709197998047
128,7,128,1,0.0,10.813133239746094
7,5,32,6,4.5,7.510185241699219e-05
23,5,32,5,1.0,0.0061380863189697266
14,4,16,4,1.0,0.0012259483337402344
22,8,256,17,7.647058823529412,0.00044226646423339844
22,5,32,5,1.0,0.007583141326904297
7,5,32,5,4.2,9.322166442871094e-05
2,3,8,2,3.0,1.0728836059570312e-05
99,7,128,7,1.0,4.33116602897644
64,8,256,16,2.25,0.026482582092285156
88,7,128,1,0.0,2.8656060695648193
17,5,32,5,2.2,0.0012917518615722656
20,5,32,8,2.5,0.0018107891082763672
11,5,32,8,4.0,0.00015354156494140625
109,7,128,1,0.0,7.19108510017395
55,7,128,8,1.75,0.09507560729980469
5,3,8,2,1.0,7.2479248046875e-05
73,7,128,7,1.0,1.023287057876587
12,4,16,1,1.0,0.0004410743713378906
54,7,128,10,2.6,0.10963773727416992
4,4,16,3,3.3333333333333335,4.172325134277344e-05
116,7,128,1,0.0,8.161097764968872
2,3,8,1,2.0,2.9087066650390625e-05
9,4,16,3,2.0,0.00015115737915039062
3,3,8,2,2.0,2.3365020751953125e-05
32,5,32,1,0.0,0.03557467460632324
57,7,128,7,1.0,0.15786433219909668
49,7,128,9,2.3333333333333335,0.1271212100982666
40,6,64,11,1.8181818181818181,0.062090158462524414
8,5,32,6,4.5,7.200241088867188e-05
4,3,8,2,1.5,4.172325134277344e-05
7,3,8,3,1.0,0.0001366138458251953
2,7,128,2,7.0,1.1205673217773438e-05
14,4,16,3,1.0,0.001241922378540039
5,3,8,3,1.0,6.771087646484375e-05
9,5,32,7,3.4285714285714284,0.0001544952392578125
58,6,64,1,0.0,0.39771270751953125
12,4,16,1,0.0,0.0008792877197265625
31,5,32,1,0.0,0.03219795227050781
6,4,16,5,3.4,5.078315734863281e-05
9,4,16,4,1.75,0.00022292137145996094
97,8,256,18,1.5555555555555556,3.471950054168701
18,5,32,6,1.8333333333333333,0.001990079879760742
52,8,256,22,6.363636363636363,0.0044744014739990234
3,7,128,3,7.0,1.9311904907226562e-05
91,7,128,1,0.0,3.3513755798339844
230,8,256,1,0.0,172.09137845039368
4,4,16,2,3.0,4.0531158447265625e-05
201,8,256,1,0.0,128.99462842941284
199,8,256,1,0.0,126.5436623096466
2,4,16,2,4.0,2.4080276489257812e-05
136,8,256,1,0.0,37.1683464050293
1,3,8,1,3.0,1.9788742065429688e-05
7,3,8,3,1.0,0.00014090538024902344
29,5,32,1,0.0,0.023326396942138672
1,5,32,1,5.0,1.1682510375976562e-05
6,4,16,3,2.3333333333333335,7.939338684082031e-05
67,7,128,1,0.0,0.5911853313446045
56,7,128,7,1.0,0.10724353790283203
46,6,64,1,0.0,0.13176512718200684
51,6,64,1,0.0,0.2519519329071045
48,6,64,6,1.0,0.13085007667541504
85,7,128,7,1.0,1.8180127143859863
234,8,256,8,1.0,167.73078417778015
24,6,64,10,2.5,0.0017566680908203125
46,7,128,36,2.9166666666666665,0.03981661796569824
154,8,256,1,0.0,52.172210693359375
96,7,128,1,0.0,4.5822529792785645
221,8,256,1,0.0,157.3392689228058
28,7,128,18,6.277777777777778,0.0007226467132568359
109,7,128,7,1.0,5.591458797454834
23,6,64,8,3.0,0.0013606548309326172
28,6,64,4,1.5,0.003452301025390625
16,5,32,10,2.1,0.0011162757873535156
1,5,32,1,5.0,1.049041748046875e-05
15,4,16,4,1.0,0.0016047954559326172
188,8,256,8,1.0,102.71440243721008
6,4,16,4,3.0,7.939338684082031e-05
34,6,64,6,1.0,0.013442039489746094
6,7,128,5,6.8,5.459785461425781e-05
92,7,128,1,0.0,3.485323190689087
7,3,8,3,1.0,0.00015115737915039062
8,3,8,1,0.0,0.00026226043701171875
48,7,128,9,1.7777777777777777,0.023338794708251953
161,8,256,1,0.0,63.89497900009155
4,4,16,3,3.3333333333333335,4.553794860839844e-05
29,5,32,5,1.0,0.015967369079589844
16,5,32,6,1.6666666666666667,0.0009484291076660156
13,5,32,6,2.6666666666666665,0.0004036426544189453
15,4,16,4,1.0,0.0016624927520751953
81,7,128,7,1.0,1.506800651550293
90,8,256,8,1.0,1.0073111057281494
143,8,256,1,0.0,42.89294409751892
44,6,64,1,0.0,0.10901093482971191
253,8,256,1,0.0,208.14512825012207
202,8,256,1,0.0,134.24652481079102
5,3,8,2,1.5,7.462501525878906e-05
60,6,64,1,0.0,0.4859335422515869
14,4,16,3,1.0,0.0012738704681396484
36,6,64,1,0.0,0.025332927703857422
7,6,64,6,5.833333333333333,5.364418029785156e-05
32,5,32,1,0.0,0.0354466438293457
12,4,16,1,1.0,0.0006022453308105469
14,6,64,9,5.222222222222222,0.00024628639221191406
8,3,8,1,0.0,0.00025272369384765625
52,6,64,6,1.0,0.18555784225463867
56,6,64,1,0.0,0.3424184322357178
52,6,64,1,0.0,0.2756073474884033
26,5,32,2,0.5,0.013681650161743164
34,7,128,14,4.5,0.0022683143615722656
8,4,16,4,2.0,0.00013327598571777344
33,7,128,13,5.230769230769231,0.0017213821411132812
28,7,128,19,6.368421052631579,0.0007724761962890625
21,8,256,14,7.285714285714286,0.00035643577575683594
24,5,32,1,0.0,0.012457847595214844
2,6,64,2,6.0,1.3589859008789062e-05
118,8,256,8,1.0,15.262105703353882
7,3,8,3,1.0,0.000156402587890625
61,6,64,1,0.0,0.5206656455993652
126,7,128,1,0.0,10.38953971862793
18,6,64,8,3.5,0.0006091594696044922
242,8,256,1,0.0,193.94143629074097
6,6,64,6,6.0,4.267692565917969e-05
3,3,8,3,3.0,1.4066696166992188e-05
8,4,16,6,2.1666666666666665,0.00013446807861328125
49,6,64,1,0.0,0.20221161842346191
4,5,32,3,4.333333333333333,6.794929504394531e-05
77,7,128,7,1.0,1.5637023448944092
29,5,32,5,1.0,0.015473365783691406
217,8,256,1,0.0,154.65049529075623
4,3,8,3,2.3333333333333335,4.410743713378906e-05
50,6,64,1,0.0,0.23583698272705078
27,6,64,2,1.5,0.003138303756713867
6,5,32,5,4.8,5.221366882324219e-05
24,5,32,2,0.5,0.008729696273803711
4,5,32,3,4.0,4.00543212890625e-05
8,3,8,1,0.0,0.0002701282501220703
14,4,16,4,1.0,0.0011699199676513672
5,3,8,1,1.0,5.173683166503906e-05
27,8,256,21,7.523809523809524,0.0006923675537109375
1,7,128,1,7.0,1.1682510375976562e-05
1,3,8,1,3.0,7.867813110351562e-06
114,7,128,1,0.0,7.862317323684692
4,5,32,3,4.0,4.744529724121094e-05
29,5,32,1,0.0,0.0245211124420166
1,5,32,1,5.0,1.3828277587890625e-05
5,4,16,4,3.75,2.86102294921875e-05
44,6,64,1,0.0,0.08738255500793457
18,5,32,6,2.0,0.0011916160583496094
31,5,32,1,0.0,0.032012939453125
10,4,16,4,2.5,0.0002281665802001953
131,8,256,8,1.0,26.037039041519165
12,4,16,9,2.0,0.00054168701171875
2,7,128,2,7.0,1.52587890625e-05
36,6,64,1,0.0,0.026938199996948242
3,7,128,3,7.0,2.193450927734375e-05
47,6,64,6,1.0,0.13549137115478516
104,7,128,1,0.0,5.792041063308716
12,4,16,2,2.0,0.0005080699920654297
18,5,32,2,1.0,0.0018625259399414062
6,8,256,6,8.0,2.4318695068359375e-05
13,6,64,7,4.714285714285714,0.0003840923309326172
11,5,32,5,3.6,0.0002446174621582031
41,6,64,1,0.0,0.06486701965332031
7,3,8,1,0.0,0.0001697540283203125
48,8,256,17,4.705882352941177,0.006230354309082031
2,3,8,2,3.0,1.4781951904296875e-05
40,6,64,2,0.5,0.04652976989746094
3,4,16,2,3.0,2.8848648071289062e-05
1,3,8,1,3.0,8.58306884765625e-06
55,7,128,18,2.0,0.06529617309570312
13,6,64,8,4.875,0.00020074844360351562
200,8,256,1,0.0,129.88059735298157
64,6,64,1,0.0,0.5900278091430664
17,5,32,5,1.6,0.0015561580657958984
19,7,128,9,6.111111111111111,0.0005991458892822266
13,4,16,3,1.3333333333333333,0.0007927417755126953
14,6,64,10,4.9,0.00024175643920898438
23,6,64,6,2.3333333333333335,0.001909017562866211
5,5,32,5,5.0,2.765655517578125e-05
13,4,16,4,1.0,0.0008392333984375
14,4,16,4,1.0,0.0012607574462890625
13,4,16,1,1.0,0.0007402896881103516
47,6,64,6,1.0,0.12070751190185547
7,4,16,4,2.25,0.00010514259338378906
41,8,256,22,6.681818181818182,0.0030303001403808594
101,8,256,29,2.3448275862068964,1.8706326484680176
64,6,64,1,0.0,0.5901308059692383
111,7,128,1,0.0,7.1192872524261475
12,4,16,4,1.0,0.0006966590881347656
103,8,256,9,1.6666666666666667,5.069899559020996
10,5,32,6,4.5,0.00011849403381347656
71,8,256,12,2.6666666666666665,0.04181814193725586
6,7,128,6,7.0,3.528594970703125e-05
32,5,32,1,0.0,0.038083791732788086
19,5,32,6,1.3333333333333333,0.0024068355560302734
220,8,256,1,0.0,156.89798307418823
5,3,8,2,1.5,7.557868957519531e-05
24,5,32,2,0.5,0.007891178131103516
13,4,16,3,1.0,0.00098419189453125
85,7,128,1,0.0,2.831378698348999
31,6,64,9,2.111111111111111,0.00827789306640625
254,8,256,1,0.0,209.39470386505127
1,4,16,1,4.0,2.0503997802734375e-05
126,7,128,1,0.0,10.441163301467896
87,7,128,7,1.0,2.2052161693573
13,4,16,4,1.0,0.0008556842803955078
75,7,128,7,1.0,1.2311103343963623
11,4,16,3,1.3333333333333333,0.0003352165222167969
12,4,16,4,1.5,0.00035953521728515625
9,6,64,6,5.333333333333333,8.273124694824219e-05
36,6,64,1,0.0,0.031056880950927734
2,4,16,2,4.0,1.5974044799804688e-05
24,5,32,8,1.5,0.006783962249755859
28,5,32,5,1.0,0.014117240905761719
57,6,64,1,0.0,0.43313002586364746
29,6,64,3,1.0,0.005508899688720703
57,7,128,7,1.0,0.21355414390563965
9,5,32,7,4.142857142857143,0.00012993812561035156
16,6,64,7,3.7142857142857144,0.0007202625274658203
8,3,8,1,0.0,0.0002562999725341797
14,4,16,4,1.0,0.0011713504791259766
10,4,16,3,1.0,0.0003273487091064453
1,3,8,1,3.0,9.5367431640625e-06
1,3,8,1,3.0,8.344650268554688e-06
21,5,32,6,1.5,0.0036046504974365234
49,7,128,16,2.125,0.04812812805175781
3,6,64,3,6.0,2.6941299438476562e-05
37,8,256,15,6.066666666666666,0.002445220947265625
38,7,128,13,3.3846153846153846,0.004104137420654297
40,7,128,12,3.25,0.004353523254394531
2,6,64,2,6.0,1.3828277587890625e-05
23,6,64,8,3.25,0.0012097358703613281
254,8,256,1,0.0,208.87235188484192
7,3,8,3,1.0,0.00015091896057128906
6,5,32,6,5.0,2.765655517578125e-05
90,7,128,1,0.0,3.2620112895965576
74,7,128,1,0.0,1.3637135028839111
2,3,8,2,3.0,2.09808349609375e-05
3,3,8,2,2.5,2.5510787963867188e-05
22,5,32,3,2.3333333333333335,0.003165006637573242
16,4,16,1,0.0,0.0025484561920166016
1,3,8,1,3.0,9.059906005859375e-06
32,6,64,6,1.3333333333333333,0.006484031677246094
4,6,64,3,5.666666666666667,3.0517578125e-05
28,5,32,1,0.0,0.02176356315612793
114,7,128,7,1.0,6.7980194091796875
8,3,8,1,0.0,0.0002722740173339844
107,7,128,1,0.0,6.324633359909058
61,8,256,31,5.32258064516129,0.008793115615844727
135,8,256,1,0.0,27.963814735412598
33,7,128,6,3.1666666666666665,0.0029413700103759766
26,5,32,5,1.0,0.010738611221313477
9,4,16,2,1.0,0.00025391578674316406
40,6,64,6,1.0,0.051160573959350586
196,8,256,8,1.0,112.98748683929443
7,5,32,6,4.833333333333333,7.271766662597656e-05
3,4,16,2,3.5,2.5510787963867188e-05
26,7,128,8,4.875,0.0012400150299072266
82,7,128,7,1.0,1.8283717632293701
232,8,256,1,0.0,176.52681398391724
67,8,256,6,1.1666666666666667,0.0761110782623291
12,4,16,4,1.0,0.0007016658782958984
1,6,64,1,6.0,9.775161743164062e-06
6,4,16,2,1.5,7.915496826171875e-05
92,7,128,7,1.0,3.534039258956909
59,7,128,7,1.0,0.21597719192504883
48,8,256,18,5.5,0.004227161407470703
2,4,16,2,4.0,1.5974044799804688e-05
72,7,128,1,0.0,1.0589029788970947
21,5,32,7,2.0,0.002811908721923828
13,5,32,7,2.2857142857142856,0.0005209445953369141
2,4,16,2,4.0,1.3589859008789062e-05
221,8,256,8,1.0,148.5621907711029
96,7,128,1,0.0,4.612929344177246
84,7,128,1,0.0,2.4030826091766357
2,3,8,1,2.0,2.8371810913085938e-05
126,7,128,1,0.0,10.45563268661499
13,6,64,8,5.0,0.0002942085266113281
7,4,16,2,2.0,0.00012636184692382812
14,5,32,5,1.6,0.0005271434783935547
52,6,64,1,0.0,0.25931620597839355
13,4,16,4,1.0,0.0010998249053955078
16,5,32,4,2.5,0.0005819797515869141
4,5,32,3,4.666666666666667,3.266334533691406e-05
2,4,16,2,4.0,1.2159347534179688e-05
49,7,128,14,2.642857142857143,0.0177915096282959
58,8,256,17,3.9411764705882355,0.006595134735107422
121,7,128,1,0.0,9.227542638778687
139,8,256,1,0.0,40.57923245429993
14,4,16,1,0.0,0.00159454345703125
60,7,128,7,1.0,0.29050445556640625
10,5,32,3,3.3333333333333335,0.00021958351135253906
21,5,32,7,1.8571428571428572,0.0028040409088134766
58,6,64,1,0.0,0.4507110118865967
28,7,128,11,6.090909090909091,0.0011417865753173828
17,6,64,10,4.9,0.00040793418884277344
84,7,128,7,1.0,2.1689279079437256
82,8,256,2,4.0,0.9476830959320068
28,5,32,5,1.0,0.014842748641967773
232,8,256,1,0.0,178.78357195854187
151,8,256,1,0.0,51.11364459991455
3,4,16,2,3.5,3.62396240234375e-05
6,3,8,4,1.25,8.487701416015625e-05
25,6,64,9,2.4444444444444446,0.001516580581665039
1,4,16,1,4.0,1.1444091796875e-05
32,5,32,1,0.0,0.03545022010803223
13,4,16,7,2.0,0.0005424022674560547
6,4,16,4,3.0,5.1021575927734375e-05
13,6,64,9,5.333333333333333,0.00015234947204589844
6,4,16,5,3.6,4.7206878662109375e-05
31,6,64,6,2.1666666666666665,0.003524303436279297
31,6,64,3,0.6666666666666666,0.017295122146606445
79,7,128,1,0.0,1.714942216873169
13,5,32,6,1.1666666666666667,0.0005807876586914062
30,5,32,1,0.0,0.026240825653076172
3,5,32,3,5.0,1.6450881958007812e-05
6,3,8,1,1.0,7.748603820800781e-05
24,5,32,2,0.5,0.009830951690673828
6,6,64,4,5.25,4.696846008300781e-05
7,3,8,3,1.0,0.00013875961303710938
5,3,8,4,2.0,4.029273986816406e-05
8,3,8,1,0.0,0.00025200843811035156
32,8,256,21,7.428571428571429,0.0013000965118408203
15,4,16,4,1.0,0.0015842914581298828
36,7,128,8,3.875,0.002960681915283203
3,4,16,3,4.0,1.4066696166992188e-05
66,7,128,7,1.0,0.49708127975463867
119,8,256,9,1.7777777777777777,14.018201351165771
228,8,256,1,0.0,172.8073320388794
4,4,16,3,3.6666666666666665,3.719329833984375e-05
5,3,8,2,1.0,6.461143493652344e-05
39,7,128,13,3.3076923076923075,0.006785154342651367
54,7,128,7,1.0,0.11185121536254883
24,5,32,1,0.0,0.010362625122070312
6,4,16,3,2.0,7.915496826171875e-05
11,4,16,4,1.25,0.00040650367736816406
116,7,128,7,1.0,7.615334510803223
30,5,32,2,0.5,0.023333072662353516
4,3,8,3,2.3333333333333335,3.528594970703125e-05
62,6,64,1,0.0,0.501518726348877
127,8,256,8,1.0,19.766869068145752
1,4,16,1,4.0,2.0265579223632812e-05
241,8,256,1,0.0,188.54457354545593
32,7,128,9,2.4444444444444446,0.002121448516845703
50,7,128,7,1.0,0.0677499771118164
28,6,64,4,0.75,0.0029802322387695312
4,3,8,3,2.0,3.3855438232421875e-05
7,4,16,5,2.8,0.00011348724365234375
7,3,8,1,0.0,0.0001671314239501953
45,7,128,16,2.0,0.01435232162475586
5,4,16,4,3.5,4.124641418457031e-05
7,3,8,1,0.0,0.0001652240753173828
24,5,32,1,0.0,0.011192798614501953
38,7,128,13,4.230769230769231,0.003484964370727539
7,3,8,1,0.0,0.0001671314239501953
16,4,16,1,0.0,0.0026023387908935547
32,6,64,2,0.5,0.008697986602783203
6,3,8,3,1.0,0.0001010894775390625
39,6,64,1,0.0,0.051085710525512695
7,6,64,6,5.666666666666667,6.413459777832031e-05
76,7,128,7,1.0,1.219625473022461
8,7,128,7,6.714285714285714,9.655952453613281e-05
20,5,32,7,1.7142857142857142,0.0020935535430908203
1,7,128,1,7.0,1.0728836059570312e-05
62,6,64,1,0.0,0.5517446994781494
7,4,16,6,2.0,0.00015497207641601562
12,6,64,8,5.25,0.0001239776611328125
2,4,16,1,3.0,1.8596649169921875e-05
65,7,128,1,0.0,0.5659806728363037
5,3,8,2,1.0,7.462501525878906e-05
114,8,256,1,0.0,10.826098680496216
10,5,32,7,4.428571428571429,0.00013566017150878906
16,4,16,1,0.0,0.002538919448852539
146,8,256,8,1.0,39.621469259262085
146,8,256,8,1.0,41.64649438858032
18,6,64,11,4.7272727272727275,0.0005543231964111328
31,7,128,13,5.3076923076923075,0.0020635128021240234
144,8,256,8,1.0,35.663658618927
48,6,64,1,0.0,0.1655895709991455
11,4,16,1,1.0,0.00041937828063964844
56,6,64,1,0.0,0.35409069061279297
32,5,32,1,0.0,0.03973078727722168
15,5,32,5,1.6,0.0005192756652832031
5,3,8,1,1.0,6.198883056640625e-05
100,7,128,1,0.0,4.792834520339966
234,8,256,1,0.0,181.94996643066406
31,6,64,9,1.7777777777777777,0.006910800933837891
61,8,256,15,4.466666666666667,0.014781475067138672
67,8,256,17,3.176470588235294,0.009585857391357422
16,5,32,7,2.5714285714285716,0.0006923675537109375
231,8,256,8,1.0,165.96037483215332
24,6,64,8,3.25,0.0011889934539794922
10,5,32,7,3.857142857142857,0.00015664100646972656
9,4,16,7,1.7142857142857142,0.00022125244140625
97,8,256,20,1.7,3.1038670539855957
8,3,8,1,0.0,0.0002682209014892578
23,5,32,6,1.1666666666666667,0.0066907405853271484
31,7,128,10,4.7,0.0016236305236816406
24,5,32,1,0.0,0.009857654571533203
48,6,64,6,1.0,0.1574714183807373
13,8,256,10,7.5,0.00016188621520996094
1,4,16,1,4.0,1.049041748046875e-05
3,3,8,2,2.0,2.3603439331054688e-05
17,5,32,3,1.0,0.0008716583251953125
1,3,8,1,3.0,1.0251998901367188e-05
61,7,128,1,0.0,0.4065706729888916
140,8,256,1,0.0,36.39219617843628
4,6,64,4,6.0,3.1948089599609375e-05
80,7,128,7,1.0,1.7850351333618164
47,6,64,1,0.0,0.16619324684143066
4,3,8,3,2.3333333333333335,3.886222839355469e-05
28,6,64,7,1.1428571428571428,0.004087209701538086
85,8,256,15,1.8666666666666667,1.03000807762146
201,8,256,1,0.0,132.82974934577942
4,3,8,3,2.0,4.482269287109375e-05
3,7,128,3,7.0,1.430511474609375e-05
160,8,256,1,0.0,63.77044129371643
7,5,32,6,4.333333333333333,7.987022399902344e-05
9,4,16,5,2.0,0.00017404556274414062
7,4,16,5,3.4,5.793571472167969e-05
62,6,64,1,0.0,0.5250513553619385
56,6,64,1,0.0,0.3725602626800537
27,5,32,1,0.0,0.018010616302490234
31,5,32,2,0.5,0.02624654769897461
185,8,256,1,0.0,103.0748221874237
20,7,128,14,6.357142857142857,0.0002884864807128906
28,5,32,1,0.0,0.02478790283203125
225,8,256,1,0.0,163.2494661808014
20,5,32,4,1.0,0.0018987655639648438
44,6,64,6,1.0,0.10609269142150879
47,6,64,1,0.0,0.16421031951904297
12,5,32,4,2.75,0.0003058910369873047
63,7,128,1,0.0,0.3215827941894531
53,6,64,1,0.0,0.21309137344360352
14,4,16,1,0.0,0.0015816688537597656
58,7,128,36,2.9166666666666665,0.19386577606201172
21,5,32,3,0.6666666666666666,0.004548311233520508
8,4,16,3,2.3333333333333335,0.00011587142944335938
26,5,32,2,0.5,0.013902902603149414
6,3,8,3,1.0,9.989738464355469e-05
6,3,8,3,1.0,0.00010156631469726562
16,6,64,10,5.0,0.00030875205993652344
7,3,8,3,1.0,0.0001380443572998047
5,5,32,4,4.75,3.218650817871094e-05
2,3,8,2,3.0,1.0251998901367188e-05
6,4,16,4,3.0,7.2479248046875e-05
58,8,256,17,2.411764705882353,0.04325413703918457
9,5,32,7,4.285714285714286,0.0001010894775390625
3,3,8,2,2.5,2.288818359375e-05
9,5,32,7,4.285714285714286,9.036064147949219e-05
3,5,32,3,5.0,1.2636184692382812e-05
38,6,64,1,0.0,0.037518978118896484
31,6,64,8,1.875,0.005713939666748047
31,6,64,6,1.0,0.012551546096801758
8,5,32,5,3.8,0.00010347366333007812
62,6,64,1,0.0,0.5384464263916016
32,5,32,1,0.0,0.03505206108093262
107,7,128,1,0.0,6.511203050613403
173,8,256,8,1.0,76.04130578041077
46,6,64,1,0.0,0.0939328670501709
9,4,16,4,1.5,0.0002434253692626953
2,6,64,2,6.0,1.1920928955078125e-05
33,6,64,16,2.875,0.011551618576049805
31,6,64,6,1.6666666666666667,0.008048295974731445
46,7,128,16,2.125,0.019326448440551758
84,8,256,9,1.7777777777777777,1.0487298965454102
2,3,8,2,3.0,2.4080276489257812e-05
104,8,256,18,1.5555555555555556,5.765905857086182
61,8,256,22,4.136363636363637,0.011041641235351562
118,7,128,1,0.0,8.755007028579712
227,8,256,1,0.0,170.98988819122314
17,8,256,14,7.428571428571429,0.0002999305725097656
82,8,256,8,1.0,0.6482362747192383
24,5,32,2,0.5,0.0069065093994140625
18,5,32,4,1.25,0.001615762710571289
121,7,128,1,0.0,9.382707357406616
12,6,64,9,5.444444444444445,0.0001442432403564453
44,7,128,15,1.6,0.01836872100830078
36,6,64,6,1.0,0.029037952423095703
30,5,32,2,0.5,0.02290511131286621
12,4,16,3,1.3333333333333333,0.0004930496215820312
5,3,8,1,1.0,0.00011348724365234375
68,8,256,14,1.5,0.021792173385620117
13,4,16,1,0.0,0.0012123584747314453
27,5,32,2,0.5,0.01567840576171875
3,4,16,3,4.0,1.5020370483398438e-05
9,6,64,6,5.5,7.82012939453125e-05
32,7,128,12,5.083333333333333,0.0017514228820800781
20,5,32,2,0.5,0.0033185482025146484
12,6,64,7,4.142857142857143,0.00024628639221191406
8,3,8,1,0.0,0.0002529621124267578
32,5,32,1,0.0,0.03518939018249512
3,4,16,2,3.0,2.6464462280273438e-05
6,5,32,5,4.8,4.267692565917969e-05
47,6,64,1,0.0,0.16904401779174805
229,8,256,1,0.0,173.1673390865326
4,3,8,3,2.0,5.316734313964844e-05
2,3,8,1,2.0,1.8596649169921875e-05
126,7,128,1,0.0,10.34370493888855
170,8,256,1,0.0,78.55973505973816
6,4,16,4,3.5,5.269050598144531e-05
1,3,8,1,3.0,9.5367431640625e-06
4,4,16,3,3.6666666666666665,2.6941299438476562e-05
15,5,32,6,2.5,0.0005981922149658203
60,7,128,9,2.2222222222222223,0.1444408893585205
4,4,16,3,3.3333333333333335,3.62396240234375e-05
175,8,256,8,1.0,84.26699447631836
7,3,8,3,1.0,0.00016927719116210938
4,4,16,4,4.0,2.002716064453125e-05
96,8,256,22,1.6363636363636365,2.6299877166748047
143,8,256,1,0.0,45.51610231399536
56,7,128,8,1.75,0.13851070404052734
36,6,64,2,0.5,0.03969573974609375
248,8,256,1,0.0,196.71839427947998
3,3,8,2,2.0,3.743171691894531e-05
4,4,16,3,3.3333333333333335,3.314018249511719e-05
11,4,16,2,1.0,0.0005526542663574219
8,6,64,7,5.428571428571429,9.202957153320312e-05
16,4,16,1,0.0,0.002704143524169922
5,4,16,4,3.5,3.457069396972656e-05
56,8,256,12,4.0,0.011787891387939453
134,8,256,1,0.0,30.353739738464355
7,3,8,1,0.0,0.0001761913299560547
16,5,32,10,2.9,0.0006120204925537109
21,6,64,13,3.769230769230769,0.0011143684387207031
8,3,8,1,0.0,0.0002582073211669922
5,5,32,5,5.0,1.621246337890625e-05
38,7,128,8,1.625,0.0030553340911865234
60,6,64,1,0.0,0.5032517910003662
25,5,32,5,1.0,0.009543895721435547
5,5,32,3,4.333333333333333,4.506111145019531e-05
31,7,128,15,3.466666666666667,0.0028939247131347656
37,7,128,10,4.1,0.0028209686279296875
19,5,32,4,1.25,0.001983165740966797
5,5,32,4,4.5,4.38690185546875e-05
18,5,32,5,1.2,0.0017731189727783203
7,4,16,5,3.0,6.413459777832031e-05
21,5,32,5,1.2,0.004541635513305664
10,4,16,5,1.8,0.0003085136413574219
59,6,64,1,0.0,0.4636995792388916
103,8,256,8,1.75,2.9484035968780518
101,7,128,1,0.0,5.297891139984131
219,8,256,8,1.0,145.54645895957947
9,8,256,8,7.75,0.00010371208190917969
26,5,32,1,0.0,0.015336990356445312
45,6,64,1,0.0,0.13525080680847168
115,8,256,1,0.0,15.649621486663818
218,8,256,1,0.0,160.34170389175415
53,7,128,7,1.0,0.08301925659179688
36,8,256,20,7.05,0.0018260478973388672
33,6,64,1,0.0,0.02003645896911621
27,5,32,1,0.0,0.01795053482055664
7,3,8,1,0.0,0.00018310546875
1,3,8,1,3.0,9.5367431640625e-06
4,3,8,2,1.5,4.100799560546875e-05
10,4,16,4,1.5,0.00031065940856933594
17,6,64,8,4.375,0.0005083084106445312
12,4,16,3,1.3333333333333333,0.0005812644958496094
1,3,8,1,3.0,8.58306884765625e-06
53,6,64,1,0.0,0.27713561058044434
55,6,64,1,0.0,0.327892541885376
19,6,64,13,4.384615384615385,0.0006182193756103516
108,8,256,1,0.0,6.945772886276245
105,7,128,1,0.0,5.55189323425293
24,5,32,2,0.5,0.008248567581176758
5,4,16,4,3.5,3.8623809814453125e-05
17,5,32,3,1.6666666666666667,0.0013151168823242188
4,5,32,4,5.0,1.5735626220703125e-05
10,4,16,5,2.0,0.00025391578674316406
62,7,128,7,1.0,0.4873204231262207
46,7,128,5,1.0,0.03231191635131836
4,5,32,3,4.666666666666667,3.337860107421875e-05
13,6,64,10,5.6,0.00014734268188476562
10,6,64,6,5.166666666666667,0.00015974044799804688
8,5,32,6,4.333333333333333,7.963180541992188e-05
8,3,8,1,0.0,0.0002541542053222656
8,3,8,1,0.0,0.0002586841583251953
7,3,8,3,1.0,0.00016689300537109375
15,4,16,1,0.0,0.0020771026611328125
35,6,64,9,1.5555555555555556,0.012343645095825195
6,3,8,4,1.25,8.58306884765625e-05
31,5,32,1,0.0,0.03229117393493652
1,3,8,1,3.0,1.1444091796875e-05
7,4,16,5,2.2,0.00010728836059570312
4,4,16,2,2.5,4.6253204345703125e-05
2,5,32,2,5.0,1.239776611328125e-05
1,6,64,1,6.0,8.106231689453125e-06
8,3,8,1,0.0,0.0002498626708984375
15,4,16,1,0.0,0.0020542144775390625
1,3,8,1,3.0,1.049041748046875e-05
5,3,8,4,2.25,4.100799560546875e-05
3,3,8,2,2.0,2.5033950805664062e-05
7,3,8,1,0.0,0.00017142295837402344
87,7,128,1,0.0,3.3740148544311523
6,3,8,2,1.0,0.00011682510375976562
5,4,16,4,3.75,3.528594970703125e-05
11,4,16,4,1.0,0.0006589889526367188
56,6,64,1,0.0,0.3530738353729248
55,6,64,6,1.0,0.28583335876464844
3,3,8,2,2.5,3.314018249511719e-05
22,5,32,5,1.2,0.003414154052734375
48,7,128,4,0.75,0.030370473861694336
30,5,32,1,0.0,0.028997421264648438
111,7,128,1,0.0,6.792430639266968
14,4,16,4,1.0,0.0012578964233398438
30,5,32,1,0.0,0.028564929962158203
15,5,32,4,2.0,0.00042724609375
164,8,256,1,0.0,70.64691162109375
60,6,64,1,0.0,0.45239901542663574
231,8,256,1,0.0,173.19440698623657
115,7,128,7,1.0,7.265974760055542
24,7,128,17,5.0,0.0013034343719482422
32,6,64,5,1.2,0.006666660308837891
6,3,8,1,1.0,8.058547973632812e-05
5,4,16,4,3.75,3.600120544433594e-05
141,8,256,1,0.0,44.09243702888489
196,8,256,8,1.0,108.8401529788971
35,6,64,6,1.0,0.024933338165283203
201,8,256,1,0.0,126.21883535385132
163,8,256,1,0.0,61.46466088294983
19,6,64,13,4.6923076923076925,0.0005729198455810547
14,4,16,1,0.0,0.0015757083892822266
6,5,32,5,4.6,5.364418029785156e-05
22,5,32,2,0.5,0.0054705142974853516
2,3,8,1,2.0,1.9073486328125e-05
1,7,128,1,7.0,8.344650268554688e-06
55,6,64,1,0.0,0.3593006134033203
6,5,32,3,3.3333333333333335,0.00010061264038085938
8,4,16,4,2.0,0.00016379356384277344
3,4,16,2,3.0,2.4318695068359375e-05
38,8,256,22,7.136363636363637,0.0019364356994628906
9,4,16,5,2.0,0.00018906593322753906
64,8,256,9,1.3333333333333333,0.021167516708374023
113,7,128,7,1.0,6.580906867980957
54,6,64,1,0.0,0.2718474864959717
4,3,8,3,2.0,4.553794860839844e-05
46,6,64,1,0.0,0.11469817161560059
53,6,64,1,0.0,0.2795257568359375
7,7,128,6,6.833333333333333,7.200241088867188e-05
50,6,64,1,0.0,0.22073006629943848
121,8,256,14,1.4285714285714286,14.338002681732178
14,4,16,1,0.0,0.0015914440155029297
161,8,256,8,1.0,64.53262066841125
8,5,32,5,4.2,8.702278137207031e-05
8,3,8,1,0.0,0.00025534629821777344
90,8,256,8,1.0,1.507275104522705
13,4,16,3,1.3333333333333333,0.0008730888366699219
88,7,128,7,1.0,2.7905356884002686
19,5,32,5,1.0,0.0042421817779541016
9,6,64,7,5.285714285714286,0.00011658668518066406
10,4,16,6,1.3333333333333333,0.00035762786865234375
114,7,128,7,1.0,7.246473550796509
185,8,256,1,0.0,106.76548957824707
51,8,256,22,3.909090909090909,0.007270336151123047
31,5,32,2,0.5,0.026295185089111328
4,3,8,2,1.5,4.57763671875e-05
3,5,32,2,4.0,2.4080276489257812e-05
8,4,16,3,1.3333333333333333,0.0001480579376220703
16,6,64,5,4.2,0.0004119873046875
6,4,16,2,2.5,6.842613220214844e-05
4,6,64,4,6.0,1.811981201171875e-05
7,5,32,5,4.4,5.459785461425781e-05
9,4,16,4,1.25,0.0002086162567138672
8,6,64,7,5.857142857142857,4.410743713378906e-05
58,6,64,1,0.0,0.4160654544830322
38,7,128,14,5.214285714285714,0.002877950668334961
18,7,128,14,6.5,0.0002627372741699219
8,3,8,1,0.0,0.00025582313537597656
7,3,8,3,1.0,0.00013780593872070312
2,5,32,2,5.0,1.0728836059570312e-05
150,8,256,1,0.0,52.38401651382446
53,6,64,1,0.0,0.3058340549468994
1,3,8,1,3.0,2.0742416381835938e-05
3,3,8,2,2.0,2.6702880859375e-05
126,7,128,1,0.0,10.100231647491455
26,5,32,2,0.5,0.013242959976196289
3,3,8,3,3.0,1.5974044799804688e-05
111,8,256,1,0.0,8.252475500106812
21,6,64,9,3.4444444444444446,0.0007123947143554688
3,5,32,3,5.0,1.5020370483398438e-05
12,4,16,1,0.0,0.0007345676422119141
28,5,32,2,0.5,0.01922154426574707
34,8,256,20,7.35,0.0015254020690917969
4,3,8,1,1.0,4.9114227294921875e-05
19,7,128,13,6.0,0.0004265308380126953
14,6,64,9,5.111111111111111,0.00031495094299316406
52,6,64,1,0.0,0.29222989082336426
3,3,8,2,2.5,3.528594970703125e-05
7,5,32,6,4.5,6.413459777832031e-05
203,8,256,1,0.0,134.40562057495117
32,6,64,2,0.5,0.017954587936401367
10,6,64,6,5.5,0.00014019012451171875
35,6,64,2,0.5,0.023001670837402344
2,5,32,2,5.0,1.3828277587890625e-05
5,3,8,2,1.5,6.198883056640625e-05
4,3,8,3,2.3333333333333335,2.6702880859375e-05
45,6,64,6,1.0,0.07497763633728027
59,6,64,1,0.0,0.4285585880279541
3,4,16,3,4.0,2.3603439331054688e-05
3,3,8,3,3.0,1.239776611328125e-05
2,3,8,1,2.0,1.7642974853515625e-05
6,5,32,4,4.0,7.62939453125e-05
34,7,128,8,2.875,0.0029015541076660156
8,5,32,6,4.333333333333333,7.176399230957031e-05
2,4,16,1,3.0,1.8358230590820312e-05
45,6,64,1,0.0,0.10200333595275879
64,6,64,1,0.0,0.6041605472564697
29,5,32,1,0.0,0.02500772476196289
62,7,128,7,1.0,0.37816739082336426
151,8,256,8,1.0,46.0956244468689
15,4,16,1,0.0,0.002170562744140625
92,7,128,1,0.0,3.6355061531066895
66,7,128,7,1.0,0.5455379486083984
30,5,32,1,0.0,0.026409626007080078
29,7,128,15,5.666666666666667,0.0016443729400634766
3,5,32,3,5.0,1.5974044799804688e-05
7,4,16,5,3.0,6.4849853515625e-05
19,5,32,3,1.0,0.002415895462036133
8,4,16,5,2.0,0.0001575946807861328
6,3,8,6,2.0,5.6743621826171875e-05
127,7,128,1,0.0,10.5438814163208
6,3,8,3,1.0,0.00011229515075683594
49,6,64,1,0.0,0.18734240531921387
14,4,16,1,0.0,0.0014190673828125
12,4,16,1,1.0,0.0005664825439453125
37,7,128,10,4.0,0.0022916793823242188
8,3,8,1,0.0,0.0002548694610595703
12,5,32,3,1.6666666666666667,0.0002772808074951172
5,3,8,1,1.0,5.936622619628906e-05
55,6,64,1,0.0,0.31034326553344727
29,5,32,1,0.0,0.025182247161865234
146,8,256,1,0.0,44.77726149559021
5,6,64,2,4.0,8.940696716308594e-05
10,4,16,7,2.0,0.00022482872009277344
4,3,8,3,2.0,3.147125244140625e-05
57,6,64,1,0.0,0.38219761848449707
2,3,8,2,3.0,2.5033950805664062e-05
18,6,64,6,3.8333333333333335,0.00047898292541503906
12,7,128,9,6.555555555555555,0.00013327598571777344
47,6,64,1,0.0,0.16226744651794434
4,3,8,3,2.3333333333333335,3.719329833984375e-05
102,8,256,8,1.0,5.534969091415405
51,6,64,1,0.0,0.27521681785583496
8,3,8,1,0.0,0.0002808570861816406
53,6,64,1,0.0,0.24346089363098145
2,3,8,2,3.0,2.3126602172851562e-05
27,6,64,7,2.0,0.0029594898223876953
3,3,8,2,2.0,2.9087066650390625e-05
249,8,256,1,0.0,199.37153482437134
7,3,8,1,0.0,0.00017786026000976562
8,3,8,1,0.0,0.0002498626708984375
26,6,64,9,1.8888888888888888,0.0028696060180664062
46,6,64,1,0.0,0.17950034141540527
13,4,16,5,1.4,0.0008461475372314453
25,6,64,5,0.8,0.0032486915588378906
93,8,256,22,1.6363636363636365,2.7144205570220947
225,8,256,1,0.0,168.38573694229126
238,8,256,8,1.0,172.19772601127625
31,5,32,1,0.0,0.03217029571533203
12,4,16,5,1.2,0.0005221366882324219
10,6,64,8,5.5,8.320808410644531e-05
3,5,32,2,4.5,2.4557113647460938e-05
171,8,256,1,0.0,81.43954372406006
47,6,64,1,0.0,0.12334322929382324
23,8,256,19,7.684210526315789,0.0004429817199707031
53,8,256,23,4.565217391304348,0.010062694549560547
247,8,256,1,0.0,202.3416314125061
72,8,256,27,3.037037037037037,0.1148378849029541
29,8,256,19,6.947368421052632,0.001440286636352539
86,8,256,20,1.6,1.0744304656982422
25,6,64,8,2.0,0.002025604248046875
135,8,256,8,1.0,25.74121642112732
40,6,64,1,0.0,0.046122074127197266
63,6,64,1,0.0,0.5218312740325928
18,5,32,7,1.7142857142857142,0.0013837814331054688
7,3,8,3,1.0,0.00014138221740722656
127,8,256,8,1.0,21.59036421775818
8,3,8,1,0.0,0.0002739429473876953
49,8,256,18,5.5,0.0048215389251708984
115,8,256,6,0.8333333333333334,10.763567209243774
15,4,16,1,0.0,0.002033710479736328
55,6,64,1,0.0,0.3311433792114258
16,4,16,1,0.0,0.002579212188720703
7,5,32,5,3.6,0.00010609626770019531
13,4,16,4,1.0,0.0008726119995117188
2,3,8,2,3.0,1.049041748046875e-05
5,3,8,2,1.5,5.9604644775390625e-05
16,4,16,1,0.0,0.002555370330810547
77,7,128,1,0.0,1.407442331314087
61,7,128,7,1.0,0.23584675788879395
22,6,64,9,3.7777777777777777,0.0016429424285888672
34,6,64,6,1.0,0.012160778045654297
36,6,64,2,0.5,0.03981828689575195
87,7,128,1,0.0,3.173179864883423
6,5,32,3,4.0,9.131431579589844e-05
25,5,32,5,1.0,0.008475065231323242
6,3,8,4,1.25,8.511543273925781e-05
3,3,8,3,3.0,1.239776611328125e-05
229,8,256,1,0.0,168.99282121658325
8,3,8,1,0.0,0.0002684593200683594
12,4,16,3,1.0,0.0008711814880371094
148,8,256,8,1.0,45.709293365478516
1,4,16,1,4.0,2.1219253540039062e-05
32,5,32,1,0.0,0.0353701114654541
8,3,8,1,0.0,0.000255584716796875
7,3,8,1,0.0,0.00016260147094726562
20,5,32,8,2.25,0.0014262199401855469
3,3,8,2,2.0,2.6941299438476562e-05
18,8,256,15,7.666666666666667,0.000240325927734375
14,4,16,4,1.0,0.0012574195861816406
5,3,8,3,1.0,7.939338684082031e-05
2,4,16,2,4.0,1.3113021850585938e-05
8,3,8,1,0.0,0.00024962425231933594
8,8,256,8,8.0,5.459785461425781e-05
4,4,16,2,3.0,3.123283386230469e-05
3,3,8,2,2.0,2.2649765014648438e-05
116,8,256,8,1.0,14.482680320739746
5,3,8,3,1.0,8.249282836914062e-05
14,4,16,4,1.0,0.001348257064819336
1,3,8,1,3.0,9.298324584960938e-06
23,5,32,5,1.0,0.006300449371337891
62,8,256,15,2.6666666666666665,0.011709213256835938
84,8,256,4,5.25,1.04457426071167
5,4,16,3,3.0,4.696846008300781e-05
20,5,32,2,1.0,0.004390716552734375
29,7,128,15,5.6,0.0011010169982910156
205,8,256,8,1.0,124.29824542999268
24,7,128,14,5.928571428571429,0.0007522106170654297
13,4,16,3,1.0,0.0009808540344238281
10,5,32,3,1.6666666666666667,0.0002758502960205078
256,8,256,1,0.0,214.013667345047
62,7,128,1,0.0,0.5027928352355957
11,4,16,5,1.2,0.000431060791015625
143,8,256,8,1.0,34.39423131942749
21,5,32,7,1.7142857142857142,0.0037813186645507812
36,7,128,17,3.823529411764706,0.0036971569061279297
32,5,32,1,0.0,0.03537440299987793
7,3,8,3,1.0,0.0001399517059326172
79,7,128,1,0.0,1.7592649459838867
8,3,8,1,0.0,0.0002677440643310547
15,4,16,1,0.0,0.0020449161529541016
6,4,16,3,2.3333333333333335,8.153915405273438e-05
24,6,64,10,2.6,0.002033233642578125
36,7,128,12,4.166666666666667,0.005445003509521484
8,4,16,4,2.0,0.00016164779663085938
30,6,64,6,1.0,0.004943132400512695
175,8,256,1,0.0,86.78820872306824
201,8,256,1,0.0,134.407212972641
8,6,64,6,5.333333333333333,9.059906005859375e-05
4,4,16,3,3.6666666666666665,2.9802322387695312e-05
82,8,256,22,1.6363636363636365,0.5332105159759521
11,4,16,4,1.0,0.0003829002380371094
1,5,32,1,5.0,1.0251998901367188e-05
10,6,64,6,5.166666666666667,9.989738464355469e-05
6,3,8,2,1.0,9.989738464355469e-05
12,4,16,4,1.0,0.0007634162902832031
19,5,32,5,1.2,0.002520322799682617
45,8,256,14,3.5,0.003282785415649414
56,7,128,2,0.5,0.14017605781555176
10,4,16,4,1.5,0.0002727508544921875
4,3,8,3,2.3333333333333335,3.2901763916015625e-05
22,5,32,4,0.75,0.0054929256439208984
10,5,32,4,2.0,0.0002548694610595703
69,7,128,1,0.0,0.6590440273284912
13,4,16,3,1.3333333333333333,0.00081634521484375
50,7,128,7,1.0,0.04689955711364746
253,8,256,1,0.0,208.1710307598114
60,7,128,27,2.4814814814814814,0.28320956230163574
26,7,128,11,4.636363636363637,0.0011973381042480469
6,6,64,5,5.6,4.2438507080078125e-05
1,5,32,1,5.0,8.58306884765625e-06
117,7,128,1,0.0,8.873987197875977
30,7,128,11,3.090909090909091,0.0021448135375976562
14,4,16,4,1.0,0.0011839866638183594
4,4,16,2,3.0,2.9087066650390625e-05
60,6,64,1,0.0,0.5007200241088867
8,3,8,1,0.0,0.0002651214599609375
4,5,32,3,4.333333333333333,2.9802322387695312e-05
7,6,64,7,6.0,3.0994415283203125e-05
57,7,128,8,1.75,0.27399349212646484
42,8,256,15,5.8,0.0034537315368652344
13,6,64,6,4.333333333333333,0.00030422210693359375
40,6,64,2,0.5,0.048612117767333984
74,8,256,5,2.2,0.03682208061218262
2,4,16,2,4.0,1.621246337890625e-05
3,3,8,2,2.5,2.1696090698242188e-05
52,6,64,1,0.0,0.24538040161132812
4,3,8,3,2.3333333333333335,4.291534423828125e-05
10,4,16,4,1.75,0.0002579689025878906
16,8,256,14,7.857142857142857,0.00020265579223632812
6,3,8,2,1.0,0.00010967254638671875
157,8,256,8,1.0,55.41664004325867
32,5,32,1,0.0,0.03596901893615723
5,3,8,4,2.25,4.506111145019531e-05
90,7,128,1,0.0,2.8732051849365234
1,5,32,1,5.0,2.0265579223632812e-05
25,7,128,16,5.9375,0.0008413791656494141
1,3,8,1,3.0,1.0728836059570312e-05
11,5,32,5,3.4,0.0002028942108154297
83,8,256,18,2.7777777777777777,0.20206499099731445
105,7,128,1,0.0,5.990113019943237
30,5,32,1,0.0,0.027461528778076172
8,3,8,1,0.0,0.0002570152282714844
45,6,64,1,0.0,0.12120842933654785
133,8,256,8,1.0,27.006216287612915
2,3,8,2,3.0,2.2411346435546875e-05
2,3,8,1,2.0,1.8596649169921875e-05
12,8,256,9,7.666666666666667,0.00015664100646972656
42,6,64,6,1.0,0.08255147933959961
9,4,16,2,1.0,0.00022792816162109375
43,6,64,1,0.0,0.08938455581665039
63,8,256,30,2.2333333333333334,0.07605862617492676
21,6,64,10,3.9,0.0008766651153564453
52,7,128,1,0.0,0.11108136177062988
113,8,256,14,1.4285714285714286,7.608216762542725
162,8,256,1,0.0,66.18477249145508
8,5,32,6,4.333333333333333,8.368492126464844e-05
27,5,32,1,0.0,0.01751875877380371
2,3,8,1,2.0,1.9788742065429688e-05
8,4,16,3,2.0,0.00013017654418945312
21,7,128,12,5.916666666666667,0.0004458427429199219
3,5,32,2,4.5,2.288818359375e-05
7,3,8,3,1.0,0.00013566017150878906
7,3,8,3,1.0,0.00013566017150878906
18,7,128,14,6.214285714285714,0.0004363059997558594
14,5,32,10,3.4,0.0004374980926513672
12,4,16,4,1.0,0.0007395744323730469
2,4,16,2,4.0,1.3589859008789062e-05
5,4,16,3,3.0,4.172325134277344e-05
33,6,64,6,1.0,0.013883829116821289
7,3,8,3,1.0,0.00015211105346679688
55,7,128,1,0.0,0.24155545234680176
253,8,256,1,0.0,206.6979684829712
9,5,32,7,4.428571428571429,0.00016260147094726562
6,4,16,5,3.2,6.0558319091796875e-05
126,7,128,1,0.0,10.467416048049927
26,6,64,5,2.4,0.00687718391418457
77,7,128,1,0.0,1.6288058757781982
14,4,16,1,0.0,0.0014019012451171875
4,6,64,3,5.333333333333333,3.218650817871094e-05
161,8,256,1,0.0,61.91675424575806
81,7,128,1,0.0,1.8847301006317139
18,5,32,4,1.75,0.0012860298156738281
91,7,128,1,0.0,3.517974853515625
39,7,128,4,2.0,0.005661487579345703
109,7,128,7,1.0,6.0586230754852295
18,5,32,6,1.8333333333333333,0.0008645057678222656
155,8,256,1,0.0,51.885154247283936
42,6,64,6,1.0,0.07373833656311035
4,3,8,2,2.0,3.361701965332031e-05
2,4,16,1,3.0,1.7881393432617188e-05
46,6,64,1,0.0,0.1722705364227295
6,3,8,3,1.0,9.894371032714844e-05
5,3,8,4,2.25,7.295608520507812e-05
55,7,128,7,1.0,0.12719082832336426
23,5,32,1,0.0,0.011303424835205078
1,3,8,1,3.0,1.2874603271484375e-05
26,6,64,5,2.0,0.0014507770538330078
2,4,16,2,4.0,1.2159347534179688e-05
5,3,8,1,1.0,6.127357482910156e-05
87,7,128,1,0.0,2.2431862354278564
18,5,32,1,1.0,0.00205230712890625
99,7,128,1,0.0,4.903122901916504
1,4,16,1,4.0,1.9311904907226562e-05
116,8,256,1,0.0,15.181660413742065
10,4,16,5,1.2,0.0003554821014404297
14,4,16,1,0.0,0.0016789436340332031
15,4,16,1,0.0,0.0020592212677001953
25,5,32,3,1.0,0.007024526596069336
27,5,32,2,0.5,0.014841556549072266
7,3,8,3,1.0,0.00014066696166992188
16,5,32,7,3.0,0.00046062469482421875
4,4,16,3,3.6666666666666665,3.123283386230469e-05
6,3,8,3,1.0,8.082389831542969e-05
28,5,32,5,1.0,0.018879413604736328
36,8,256,29,7.241379310344827,0.001329183578491211
11,6,64,9,5.666666666666667,0.0001227855682373047
134,8,256,43,3.441860465116279,29.88296890258789
22,7,128,8,4.75,0.0008084774017333984
1,3,8,1,3.0,1.0728836059570312e-05
1,4,16,1,4.0,7.62939453125e-06
5,3,8,3,1.0,6.699562072753906e-05
238,8,256,8,1.0,168.85488843917847
8,3,8,1,0.0,0.0002803802490234375
4,3,8,3,2.3333333333333335,3.266334533691406e-05
3,3,8,2,2.5,2.0742416381835938e-05
33,6,64,6,1.0,0.011712789535522461
7,3,8,3,1.0,0.00014257431030273438
19,6,64,6,3.6666666666666665,0.0006477832794189453
42,7,128,10,4.4,0.009575605392456055
4,3,8,2,1.5,4.506111145019531e-05
13,4,16,4,1.0,0.0009047985076904297
225,8,256,1,0.0,167.08503818511963
7,5,32,3,3.3333333333333335,0.00011539459228515625
109,7,128,1,0.0,7.021346569061279
22,5,32,1,0.0,0.005734920501708984
8,3,8,1,0.0,0.000255584716796875
22,5,32,5,1.0,0.0053863525390625
7,4,16,4,2.5,0.00010442733764648438
24,5,32,3,0.6666666666666666,0.009200334548950195
18,5,32,5,1.2,0.0016355514526367188
3,3,8,2,2.5,2.09808349609375e-05
61,8,256,15,2.8666666666666667,0.01516270637512207
1,3,8,1,3.0,1.2874603271484375e-05
6,4,16,3,2.6666666666666665,9.441375732421875e-05
64,6,64,1,0.0,0.6036477088928223
37,6,64,1,0.0,0.027077198028564453
80,7,128,1,0.0,1.866408348083496
29,6,64,5,0.8,0.006585597991943359
31,7,128,13,4.0,0.0024611949920654297
111,7,128,1,0.0,6.829589128494263
31,5,32,1,0.0,0.031859636306762695
8,3,8,1,0.0,0.0002541542053222656
74,7,128,7,1.0,0.8568441867828369
19,8,256,13,7.461538461538462,0.0003707408905029297
101,7,128,1,0.0,4.982558488845825
4,6,64,4,6.0,2.574920654296875e-05
12,4,16,2,2.0,0.0004949569702148438
7,4,16,5,2.8,8.702278137207031e-05
94,7,128,7,1.0,3.675901412963867
9,4,16,5,2.0,0.00017786026000976562
42,6,64,1,0.0,0.08390974998474121
3,3,8,2,2.5,2.6702880859375e-05
10,5,32,8,4.375,9.608268737792969e-05
183,8,256,1,0.0,103.27729082107544
11,4,16,6,1.5,0.0003991127014160156
83,7,128,7,1.0,2.216904401779175
16,4,16,1,0.0,0.0025894641876220703
116,7,128,1,0.0,8.20368766784668
22,8,256,15,7.466666666666667,0.000545501708984375
112,7,128,1,0.0,7.55180025100708
217,8,256,1,0.0,159.60340762138367
5,3,8,3,1.6666666666666667,7.104873657226562e-05
99,7,128,1,0.0,4.832388162612915
8,4,16,3,2.0,0.00016236305236816406
26,5,32,4,1.0,0.012212514877319336
15,5,32,9,2.111111111111111,0.0008683204650878906
15,4,16,4,1.0,0.0016579627990722656
30,5,32,1,0.0,0.02829766273498535
15,4,16,1,0.0,0.002032756805419922
42,7,128,4,2.25,0.013607501983642578
3,3,8,2,2.5,2.5272369384765625e-05
227,8,256,1,0.0,169.67752480506897
256,8,256,1,0.0,211.44910407066345
5,4,16,4,3.5,4.553794860839844e-05
8,4,16,8,3.0,9.107589721679688e-05
5,3,8,2,1.5,6.151199340820312e-05
9,4,16,4,2.0,0.00018262863159179688
7,8,256,7,8.0,3.314018249511719e-05
4,3,8,3,2.0,3.218650817871094e-05
61,6,64,1,0.0,0.5082981586456299
4,4,16,4,4.0,3.218650817871094e-05
3,3,8,2,2.0,2.3603439331054688e-05
3,5,32,3,5.0,1.239776611328125e-05
8,4,16,4,2.0,0.00015020370483398438
1,3,8,1,3.0,8.821487426757812e-06
8,4,16,4,2.25,0.0001354217529296875
3,5,32,2,4.5,2.4080276489257812e-05
30,5,32,1,0.0,0.027003765106201172
28,5,32,1,0.0,0.021947860717773438
30,7,128,12,4.0,0.0017647743225097656
124,7,128,1,0.0,9.764252185821533
64,6,64,1,0.0,0.5865395069122314
21,5,32,7,1.4285714285714286,0.0035927295684814453
17,5,32,1,1.0,0.0008785724639892578
54,8,256,28,5.25,0.004798412322998047
102,7,128,1,0.0,5.4993791580200195
7,3,8,3,1.0,0.00015091896057128906
142,8,256,1,0.0,40.23348879814148
223,8,256,1,0.0,167.8987603187561
11,4,16,4,1.25,0.0004172325134277344
5,4,16,4,3.25,4.220008850097656e-05
2,3,8,2,3.0,1.0251998901367188e-05
3,5,32,3,5.0,1.4781951904296875e-05
11,5,32,4,3.25,0.00021123886108398438
19,5,32,6,1.1666666666666667,0.0027120113372802734
40,6,64,1,0.0,0.0472562313079834
6,5,32,5,4.8,4.076957702636719e-05
62,6,64,1,0.0,0.5014917850494385
6,3,8,3,1.0,0.00010943412780761719
145,8,256,1,0.0,40.70100975036621
53,7,128,1,0.0,0.07573056221008301
239,8,256,1,0.0,190.3407564163208
6,3,8,2,1.0,0.00010943412780761719
45,6,64,6,1.0,0.09689950942993164
4,6,64,4,6.0,1.8835067749023438e-05
84,7,128,1,0.0,1.96803879737854
16,4,16,1,0.0,0.0027437210083007812
45,6,64,1,0.0,0.1275804042816162
64,6,64,1,0.0,0.5909984111785889
7,3,8,3,1.0,0.00014829635620117188
22,8,256,15,7.533333333333333,0.0005216598510742188
28,8,256,22,7.545454545454546,0.0007874965667724609
32,6,64,3,1.3333333333333333,0.0077021121978759766
72,8,256,19,1.5789473684210527,0.24193501472473145
54,6,64,6,1.0,0.24824237823486328
12,4,16,2,1.0,0.0007729530334472656
15,4,16,1,0.0,0.0020058155059814453
25,5,32,2,0.5,0.010452985763549805
210,8,256,1,0.0,140.85996437072754
24,5,32,2,0.5,0.009704113006591797
2,5,32,1,4.0,2.3603439331054688e-05
8,3,8,1,0.0,0.0002524852752685547
41,7,128,12,2.5,0.008925199508666992
19,5,32,2,3.0,0.0023818016052246094
24,5,32,1,0.0,0.010349512100219727
77,8,256,11,1.7272727272727273,0.32430458068847656
15,7,128,10,6.2,0.00028324127197265625
23,7,128,18,6.277777777777778,0.00057220458984375
12,5,32,8,4.0,0.0002532005310058594
58,6,64,1,0.0,0.44083523750305176
32,5,32,1,0.0,0.034909963607788086
10,7,128,6,6.333333333333333,0.0001823902130126953
15,4,16,1,0.0,0.001997709274291992
3,4,16,3,4.0,1.5974044799804688e-05
13,4,16,4,1.0,0.0008625984191894531
64,8,256,14,4.357142857142857,0.020808696746826172
14,5,32,4,1.5,0.0005338191986083984
81,8,256,1,0.0,1.1589972972869873
4,3,8,3,2.0,4.601478576660156e-05
6,3,8,2,1.5,8.106231689453125e-05
3,7,128,3,7.0,1.7404556274414062e-05
1,3,8,1,3.0,8.106231689453125e-06
6,3,8,3,1.0,8.082389831542969e-05
2,3,8,2,3.0,9.775161743164062e-06
27,5,32,4,1.0,0.012784719467163086
14,5,32,10,3.5,0.000308990478515625
36,7,128,7,3.142857142857143,0.003063201904296875
36,6,64,1,0.0,0.030271291732788086
9,4,16,4,1.5,0.00020313262939453125
53,6,64,1,0.0,0.2689487934112549
111,7,128,1,0.0,7.571603536605835
1,5,32,1,5.0,1.9550323486328125e-05
123,7,128,7,1.0,8.258526086807251
243,8,256,1,0.0,193.9532434940338
38,8,256,28,7.357142857142857,0.0013141632080078125
54,6,64,6,1.0,0.22247576713562012
6,3,8,3,1.0,9.608268737792969e-05
8,3,8,1,0.0,0.0002605915069580078
1,5,32,1,5.0,9.059906005859375e-06
21,8,256,16,7.5,0.0003185272216796875
11,4,16,3,1.3333333333333333,0.0005252361297607422
43,8,256,18,4.166666666666667,0.003850698471069336
35,6,64,6,1.0,0.023346424102783203
6,4,16,4,3.0,7.891654968261719e-05
46,6,64,1,0.0,0.13872671127319336
7,4,16,4,2.5,9.369850158691406e-05
3,3,8,3,3.0,1.2874603271484375e-05
16,5,32,6,2.1666666666666665,0.0009336471557617188
211,8,256,1,0.0,145.16306686401367
248,8,256,1,0.0,203.2733097076416
65,8,256,31,3.5806451612903225,0.044571638107299805
3,3,8,2,2.0,3.24249267578125e-05
3,6,64,3,6.0,1.33514404296875e-05
12,5,32,4,2.75,0.0003533363342285156
4,3,8,3,2.3333333333333335,3.1948089599609375e-05
19,5,32,6,1.6666666666666667,0.0016956329345703125
56,6,64,1,0.0,0.37639498710632324
4,3,8,3,2.3333333333333335,4.029273986816406e-05
3,4,16,2,3.0,2.7179718017578125e-05
168,8,256,1,0.0,74.82909989356995
93,7,128,1,0.0,3.7409322261810303
7,4,16,4,3.25,6.580352783203125e-05
41,6,64,1,0.0,0.06794285774230957
12,6,64,6,4.5,0.0002675056457519531
245,8,256,1,0.0,199.43023085594177
41,6,64,2,0.5,0.06416177749633789
47,6,64,1,0.0,0.18555235862731934
12,4,16,5,1.2,0.0006074905395507812
3,3,8,2,2.5,2.193450927734375e-05
215,8,256,1,0.0,150.7526626586914
121,7,128,1,0.0,9.392611265182495
8,3,8,1,0.0,0.0002651214599609375
108,8,256,14,1.4285714285714286,8.329139709472656
6,4,16,5,3.4,6.0558319091796875e-05
6,4,16,4,2.75,7.43865966796875e-05
1,3,8,1,3.0,9.059906005859375e-06
26,7,128,8,5.25,0.0010101795196533203
42,7,128,7,1.0,0.019421100616455078
7,3,8,3,1.0,0.0001430511474609375
7,3,8,1,0.0,0.00016307830810546875
26,5,32,4,1.0,0.008513450622558594
12,4,16,3,1.3333333333333333,0.0005714893341064453
129,8,256,8,1.0,25.258507013320923
20,5,32,2,0.5,0.0040700435638427734
18,7,128,15,6.6,0.00029754638671875
21,6,64,11,3.8181818181818183,0.0008289813995361328
8,3,8,1,0.0,0.0002574920654296875
101,7,128,7,1.0,4.418274402618408
14,4,16,3,1.3333333333333333,0.0010328292846679688
15,4,16,4,1.0,0.0015954971313476562
42,8,256,24,6.833333333333333,0.002827882766723633
1,3,8,1,3.0,1.1444091796875e-05
40,6,64,2,0.5,0.06003832817077637
58,6,64,1,0.0,0.4120945930480957
111,8,256,16,1.875,10.954245328903198
42,6,64,6,1.0,0.06927061080932617
78,7,128,7,1.0,1.5030415058135986
46,6,64,1,0.0,0.09807634353637695
57,8,256,10,3.9,0.008858203887939453
63,7,128,5,0.8,0.33049845695495605
9,4,16,5,1.8,0.00020837783813476562
22,6,64,8,2.875,0.0013165473937988281
13,4,16,7,1.4285714285714286,0.0007419586181640625
28,5,32,1,0.0,0.02066659927368164
108,7,128,7,1.0,6.373450756072998
6,3,8,2,1.0,0.00011348724365234375
66,8,256,14,3.0714285714285716,0.05574774742126465
61,6,64,1,0.0,0.5117967128753662
6,5,32,5,4.8,6.389617919921875e-05
8,5,32,5,4.2,7.176399230957031e-05
11,7,128,10,6.8,0.00011134147644042969
34,7,128,11,4.545454545454546,0.0021283626556396484
3,3,8,2,2.0,2.6702880859375e-05
51,7,128,1,0.0,0.056307077407836914
3,3,8,2,2.0,2.8371810913085938e-05
39,6,64,1,0.0,0.045168161392211914
22,8,256,15,7.666666666666667,0.0004467964172363281
198,8,256,1,0.0,122.98935198783875
14,4,16,4,1.0,0.0012333393096923828
35,6,64,2,0.5,0.021102428436279297
16,8,256,15,7.933333333333334,0.0001926422119140625
20,5,32,1,1.0,0.0018324851989746094
15,7,128,13,6.6923076923076925,0.00018215179443359375
126,7,128,1,0.0,10.442082405090332
23,6,64,5,2.6,0.0009796619415283203
10,5,32,8,4.5,0.00012183189392089844
64,7,128,1,0.0,0.5267994403839111
10,5,32,4,3.75,0.00017571449279785156
7,5,32,5,4.2,6.413459777832031e-05
117,7,128,1,0.0,8.149603843688965
90,7,128,7,1.0,3.000478744506836
1,8,256,1,8.0,2.0265579223632812e-05
7,3,8,1,0.0,0.0001685619354248047
78,7,128,1,0.0,1.5578904151916504
128,7,128,1,0.0,10.769460439682007
106,8,256,8,1.0,7.324273109436035
56,6,64,1,0.0,0.3462693691253662
29,5,32,2,0.5,0.02139759063720703
1,3,8,1,3.0,1.2874603271484375e-05
31,5,32,1,0.0,0.030997037887573242
67,7,128,1,0.0,0.7021522521972656
26,5,32,1,0.0,0.016808509826660156
3,6,64,3,6.0,2.1457672119140625e-05
13,6,64,8,5.125,0.00022363662719726562
21,8,256,20,7.85,0.0003681182861328125
36,6,64,1,0.0,0.028425931930541992
3,7,128,3,7.0,1.5735626220703125e-05
95,7,128,1,0.0,3.886916160583496
193,8,256,1,0.0,118.12205147743225
35,6,64,1,0.0,0.026518583297729492
2,4,16,2,4.0,1.5020370483398438e-05
8,3,8,1,0.0,0.00025200843811035156
3,3,8,2,2.0,3.123283386230469e-05
41,6,64,1,0.0,0.09029221534729004
44,6,64,1,0.0,0.12344598770141602
38,6,64,1,0.0,0.031211376190185547
51,8,256,24,6.416666666666667,0.00449371337890625
103,8,256,14,1.4285714285714286,3.490586996078491
26,8,256,20,7.35,0.0007531642913818359
53,7,128,2,0.5,0.1504192352294922
1,3,8,1,3.0,1.2874603271484375e-05
34,6,64,6,1.0,0.012307882308959961
23,5,32,7,1.4285714285714286,0.004714012145996094
34,6,64,6,1.0,0.025695323944091797
20,5,32,4,1.25,0.0027124881744384766
60,8,256,12,3.3333333333333335,0.012185096740722656
10,4,16,5,2.0,0.00024771690368652344
13,5,32,8,4.125,0.0003554821014404297
109,7,128,7,1.0,6.015127420425415
2,7,128,2,7.0,2.288818359375e-05
8,3,8,1,0.0,0.0002543926239013672
4,5,32,3,4.666666666666667,2.86102294921875e-05
7,4,16,5,3.0,7.200241088867188e-05
7,3,8,1,0.0,0.0002028942108154297
13,7,128,12,6.833333333333333,0.0001232624053955078
7,3,8,1,0.0,0.00016736984252929688
7,3,8,3,1.0,0.00013518333435058594
56,8,256,23,5.956521739130435,0.005250453948974609
27,5,32,4,1.0,0.01285696029663086
5,3,8,1,1.0,6.604194641113281e-05
3,4,16,3,4.0,1.2159347534179688e-05
2,5,32,2,5.0,9.775161743164062e-06
55,7,128,7,1.0,0.13675451278686523
26,5,32,1,0.0,0.01371455192565918
55,6,64,1,0.0,0.382479190826416
19,5,32,7,2.2857142857142856,0.0014281272888183594
11,5,32,4,2.75,0.00028514862060546875
125,7,128,1,0.0,10.328595638275146
205,8,256,1,0.0,137.7622561454773
37,8,256,8,4.0,0.002349853515625
8,3,8,1,0.0,0.00025391578674316406
16,5,32,6,2.5,0.0005300045013427734
2,3,8,2,3.0,1.52587890625e-05
24,5,32,3,0.6666666666666666,0.008754253387451172
64,6,64,1,0.0,0.5901472568511963
64,6,64,1,0.0,0.5903472900390625
4,4,16,3,3.6666666666666665,4.220008850097656e-05
44,6,64,1,0.0,0.10539579391479492
1,3,8,1,3.0,1.2159347534179688e-05
3,6,64,3,6.0,1.33514404296875e-05
7,3,8,1,0.0,0.00016570091247558594
7,3,8,3,1.0,0.00013875961303710938
11,4,16,3,1.3333333333333333,0.00035858154296875
51,6,64,6,1.0,0.18593192100524902
237,8,256,1,0.0,186.55068492889404
11,6,64,10,5.7,0.00010251998901367188
10,6,64,4,5.0,0.00017642974853515625
21,6,64,4,4.0,0.0011413097381591797
16,5,32,9,2.2222222222222223,0.0009479522705078125
39,6,64,13,2.076923076923077,0.023335933685302734
32,5,32,1,0.0,0.03516674041748047
84,8,256,5,0.8,0.6587386131286621
28,5,32,5,1.0,0.01430368423461914
4,3,8,2,1.5,5.4836273193359375e-05
9,4,16,4,2.25,0.00016927719116210938
6,3,8,3,1.0,9.417533874511719e-05
4,4,16,4,4.0,2.1219253540039062e-05
11,4,16,2,1.0,0.0004780292510986328
23,5,32,5,1.0,0.004997730255126953
136,8,256,1,0.0,31.871186017990112
4,4,16,3,3.3333333333333335,4.601478576660156e-05
15,4,16,1,0.0,0.0020537376403808594
11,4,16,3,1.3333333333333333,0.00042319297790527344
14,4,16,4,1.0,0.0012774467468261719
1,6,64,1,6.0,1.0728836059570312e-05
7,5,32,5,4.4,5.793571472167969e-05
1,4,16,1,4.0,8.821487426757812e-06
16,5,32,4,2.5,0.0009021759033203125
103,7,128,1,0.0,5.4862940311431885
53,6,64,1,0.0,0.28751516342163086
113,7,128,1,0.0,7.580523729324341
193,8,256,1,0.0,121.2998468875885
16,4,16,1,0.0,0.002566814422607422
173,8,256,1,0.0,85.02300477027893
106,7,128,1,0.0,5.827633380889893
20,5,32,6,1.6666666666666667,0.002501249313354492
31,5,32,1,0.0,0.031786441802978516
29,5,32,1,0.0,0.025427818298339844
30,6,64,6,1.1666666666666667,0.007148027420043945
7,3,8,3,1.0,0.00014019012451171875
6,3,8,2,1.0,9.703636169433594e-05
26,5,32,5,1.0,0.009621858596801758
5,3,8,1,1.0,6.461143493652344e-05
28,5,32,1,0.0,0.02094101905822754
6,5,32,4,4.5,4.792213439941406e-05
4,5,32,4,5.0,1.811981201171875e-05
8,6,64,7,5.714285714285714,7.343292236328125e-05
93,7,128,1,0.0,4.24387264251709
14,5,32,5,3.0,0.0004429817199707031
122,7,128,1,0.0,9.290811777114868
21,6,64,10,3.3,0.001169443130493164
51,6,64,1,0.0,0.2508988380432129
4,3,8,3,2.3333333333333335,4.5299530029296875e-05
48,6,64,1,0.0,0.16405868530273438
26,5,32,2,0.5,0.012169599533081055
117,7,128,1,0.0,8.303500652313232
8,3,8,1,0.0,0.0002646446228027344
3,4,16,3,4.0,1.5020370483398438e-05
14,5,32,6,2.1666666666666665,0.0006678104400634766
10,4,16,1,1.0,0.0003376007080078125
70,8,256,17,2.764705882352941,0.07161307334899902
58,7,128,10,1.3,0.20139312744140625
15,5,32,8,2.875,0.0004856586456298828
4,4,16,3,3.6666666666666665,2.6941299438476562e-05
14,4,16,1,0.0,0.0013871192932128906
14,4,16,1,0.0,0.0016207695007324219
10,7,128,8,6.75,9.942054748535156e-05
6,4,16,4,3.0,6.747245788574219e-05
47,8,256,40,7.05,0.0025827884674072266
5,3,8,2,1.5,6.628036499023438e-05
16,4,16,1,0.0,0.0025870800018310547
7,5,32,5,4.2,5.221366882324219e-05
119,7,128,1,0.0,8.97698163986206
2,4,16,2,4.0,2.1696090698242188e-05
194,8,256,1,0.0,116.71314454078674
23,7,128,18,6.111111111111111,0.0006871223449707031
256,8,256,1,0.0,211.72772026062012
6,5,32,4,4.25,6.580352783203125e-05
25,5,32,2,0.5,0.01078176498413086
106,7,128,1,0.0,5.998410224914551
86,8,256,1,0.0,1.507094383239746
48,6,64,6,1.0,0.14722180366516113
8,5,32,5,4.4,7.915496826171875e-05
53,7,128,3,0.6666666666666666,0.041193246841430664
46,6,64,6,1.0,0.07785606384277344
158,8,256,1,0.0,61.095564126968384
9,7,128,8,6.875,9.322166442871094e-05
18,5,32,7,1.7142857142857142,0.0017006397247314453
69,7,128,7,1.0,0.6985287666320801
30,5,32,1,0.0,0.028251171112060547
10,6,64,9,5.555555555555555,0.00011372566223144531
54,6,64,1,0.0,0.30956530570983887
120,7,128,1,0.0,9.190292119979858
28,8,256,22,7.590909090909091,0.0005664825439453125
17,6,64,10,4.9,0.0004096031188964844
8,3,8,1,0.0,0.00028204917907714844
45,7,128,8,1.5,0.0055255889892578125
182,8,256,1,0.0,101.52281379699707
7,3,8,3,1.0,0.00014972686767578125
46,7,128,9,2.2222222222222223,0.04805588722229004
203,8,256,1,0.0,132.96668696403503
7,3,8,1,0.0,0.00018143653869628906
48,6,64,6,1.0,0.15871500968933105
226,8,256,1,0.0,166.2017843723297
26,7,128,17,6.294117647058823,0.0009925365447998047
46,6,64,1,0.0,0.12330126762390137
8,3,8,1,0.0,0.00025916099548339844
13,6,64,11,4.636363636363637,0.0002980232238769531
4,3,8,3,2.0,3.528594970703125e-05
3,3,8,2,2.0,2.288818359375e-05
16,6,64,9,5.0,0.00034999847412109375
30,5,32,1,0.0,0.02891707420349121
15,5,32,6,2.0,0.0008599758148193359
28,5,32,1,0.0,0.020294904708862305
108,7,128,7,1.0,5.794434309005737
212,8,256,1,0.0,145.18345737457275
86,8,256,3,5.0,0.8953449726104736
83,8,256,47,3.0638297872340425,0.7437353134155273
30,5,32,1,0.0,0.02836441993713379
37,6,64,1,0.0,0.03063678741455078
42,7,128,16,2.0,0.009427070617675781
88,7,128,1,0.0,2.719296932220459
6,3,8,3,1.0,9.775161743164062e-05
63,6,64,1,0.0,0.5661852359771729
4,3,8,3,2.3333333333333335,4.1961669921875e-05
19,8,256,15,7.666666666666667,0.0002491474151611328
